case	step	cycle	vim_ns
source-line-top	insert	0	348584
source-line-top	delete	0	338214
source-line-top	insert	1	271012
source-line-top	delete	1	260151
source-line-top	insert	2	294798
source-line-top	delete	2	269769
source-line-top	insert	3	268376
source-line-top	delete	3	258457
source-line-top	insert	4	325229
source-line-top	delete	4	273717
source-line-top	insert	5	262415
source-line-top	delete	5	277605
source-line-top	insert	6	289368
source-line-top	delete	6	256013
source-line-top	insert	7	261213
source-line-top	delete	7	281282
source-line-top	insert	8	265281
source-line-top	delete	8	258337
source-line-top	insert	9	265061
source-line-top	delete	9	278376
source-line-top	insert	10	260261
source-line-top	delete	10	256824
source-line-top	insert	11	262465
source-line-top	delete	11	307764
source-line-top	insert	12	267004
source-line-top	delete	12	257826
source-line-top	insert	13	292604
source-line-top	delete	13	261032
source-line-top	insert	14	266142
source-line-top	delete	14	257415
source-line-top	insert	15	283276
source-line-top	delete	15	256764
source-line-top	insert	16	263668
source-line-top	delete	16	257435
source-line-top	insert	17	314297
source-line-top	delete	17	254650
source-line-top	insert	18	263096
source-line-top	delete	18	273917
source-line-top	insert	19	267254
source-line-top	delete	19	260111
source-line-top	insert	20	258999
source-line-top	delete	20	278777
source-line-top	insert	21	261393
source-line-top	delete	21	260952
source-line-top	insert	22	262825
source-line-top	delete	22	283066
source-line-top	insert	23	263628
source-line-top	delete	23	256964
source-line-top	insert	24	277995
source-line-top	delete	24	264730
source-line-top	insert	25	261684
source-line-top	delete	25	260752
source-line-top	insert	26	284147
source-line-top	delete	26	285871
source-line-top	insert	27	260962
source-line-top	delete	27	260141
source-line-top	insert	28	293927
source-line-top	delete	28	281071
source-line-top	insert	29	269990
source-line-top	delete	29	270541
source-line-top	insert	30	274489
source-line-top	delete	30	258979
source-line-top	insert	31	293606
source-line-top	delete	31	285350
source-line-top	insert	32	275992
source-line-top	delete	32	283727
source-line-top	insert	33	380126
source-line-top	delete	33	309167
source-line-top	insert	34	260220
source-line-top	delete	34	258889
source-line-top	insert	35	310108
source-line-top	delete	35	264089
source-line-top	insert	36	262856
source-line-top	delete	36	271543
source-line-top	insert	37	281512
source-line-top	delete	37	253327
source-line-top	insert	38	258517
source-line-top	delete	38	278817
source-line-top	insert	39	271283
source-line-top	delete	39	259029
source-line-top	insert	40	262946
source-line-top	delete	40	309778
source-line-top	insert	41	283567
source-line-top	delete	41	259229
source-line-top	insert	42	281142
source-line-top	delete	42	281592
source-line-top	insert	43	266192
source-line-top	delete	43	257345
source-line-top	insert	44	324948
source-line-top	delete	44	272805
source-line-top	insert	45	262485
source-line-top	delete	45	255451
source-line-top	insert	46	289398
source-line-top	delete	46	254670
source-line-top	insert	47	261964
source-line-top	delete	47	274679
source-line-top	insert	48	273687
source-line-top	delete	48	254910
source-line-top	insert	49	263758
source-line-top	delete	49	277685
source-line-top	insert	50	265200
source-line-top	delete	50	258728
source-line-top	insert	51	264068
source-line-top	delete	51	273276
source-line-top	insert	52	265331
source-line-top	delete	52	260682
source-line-top	insert	53	261353
source-line-top	delete	53	311681
source-line-top	insert	54	265521
source-line-top	delete	54	257716
source-line-top	insert	55	276263
source-line-top	delete	55	259610
source-line-top	insert	56	262876
source-line-top	delete	56	257666
source-line-top	insert	57	281202
source-line-top	delete	57	262876
source-line-top	insert	58	262024
source-line-top	delete	58	257626
source-line-top	insert	59	284489
source-line-top	delete	59	259189
source-line-top	insert	60	262826
source-line-top	delete	60	274519
source-line-top	insert	61	272054
source-line-top	delete	61	254499
source-line-top	insert	62	262084
source-line-top	delete	62	271734
source-line-top	insert	63	267435
source-line-top	delete	63	257626
source-line-top	insert	64	262705
source-line-top	delete	64	280801
source-line-top	insert	65	266643
source-line-top	delete	65	257435
source-line-top	insert	66	261894
source-line-top	delete	66	278286
source-line-top	insert	67	264800
source-line-top	delete	67	256383
source-line-top	insert	68	273887
source-line-top	delete	68	266984
source-line-top	insert	69	260801
source-line-top	delete	69	256533
source-line-top	insert	70	281132
source-line-top	delete	70	261844
source-line-top	insert	71	261152
source-line-top	delete	71	258107
source-line-top	insert	72	281553
source-line-top	delete	72	262485
source-line-top	insert	73	259208
source-line-top	delete	73	256443
source-line-top	insert	74	282093
source-line-top	delete	74	257916
source-line-top	insert	75	257315
source-line-top	delete	75	255311
source-line-top	insert	76	282735
source-line-top	delete	76	254239
source-line-top	insert	77	259609
source-line-top	delete	77	270380
source-line-top	insert	78	267796
source-line-top	delete	78	258006
source-line-top	insert	79	260171
source-line-top	delete	79	275291
source-line-top	insert	80	265842
source-line-top	delete	80	255572
source-line-top	insert	81	260321
source-line-top	delete	81	274639
source-line-top	insert	82	262786
source-line-top	delete	82	257806
source-line-top	insert	83	259479
source-line-top	delete	83	281763
source-line-top	insert	84	268587
source-line-top	delete	84	256053
source-line-top	insert	85	275771
source-line-top	delete	85	265942
source-line-top	insert	86	259900
source-line-top	delete	86	256363
source-line-top	insert	87	291212
source-line-top	delete	87	277545
source-line-top	insert	88	263898
source-line-top	delete	88	256474
source-line-top	insert	89	287895
source-line-top	delete	89	256333
source-line-top	insert	90	260281
source-line-top	delete	90	259419
source-line-top	insert	91	285410
source-line-top	delete	91	256864
source-line-top	insert	92	265471
source-line-top	delete	92	290881
source-line-top	insert	93	280290
source-line-top	delete	93	261153
source-line-top	insert	94	266313
source-line-top	delete	94	303846
source-line-top	insert	95	285109
source-line-top	delete	95	314537
source-line-top	insert	96	390817
source-line-top	delete	96	278607
source-line-top	insert	97	266322
source-line-top	delete	97	275872
source-line-top	insert	98	287364
source-line-top	delete	98	256634
source-line-top	insert	99	260972
source-line-top	delete	99	284529
range-delete-top	delete	0	335940
range-delete-top	undo	0	2696713
range-delete-top	delete	1	490052
range-delete-top	undo	1	2789184
range-delete-top	delete	2	493990
range-delete-top	undo	2	2756861
range-delete-top	delete	3	492277
range-delete-top	undo	3	2622598
range-delete-top	delete	4	469902
range-delete-top	undo	4	2608510
range-delete-top	delete	5	465022
range-delete-top	undo	5	2580956
range-delete-top	delete	6	451766
range-delete-top	undo	6	2493544
range-delete-top	delete	7	420736
range-delete-top	undo	7	2542971
range-delete-top	delete	8	465814
range-delete-top	undo	8	2557209
range-delete-top	delete	9	445935
range-delete-top	undo	9	2505127
range-delete-top	delete	10	394996
range-delete-top	undo	10	2223714
range-delete-top	delete	11	270962
range-delete-top	undo	11	2363599
range-delete-top	delete	12	370567
range-delete-top	undo	12	2252872
range-delete-top	delete	13	316852
range-delete-top	undo	13	2313481
range-delete-top	delete	14	385637
range-delete-top	undo	14	2277429
range-delete-top	delete	15	317573
range-delete-top	undo	15	2227682
range-delete-top	delete	16	502707
range-delete-top	undo	16	2532140
range-delete-top	delete	17	375316
range-delete-top	undo	17	2237121
range-delete-top	delete	18	298496
range-delete-top	undo	18	2246469
range-delete-top	delete	19	435865
range-delete-top	undo	19	2281689
range-delete-top	delete	20	302523
range-delete-top	undo	20	2313280
range-delete-top	delete	21	465403
range-delete-top	undo	21	2543352
range-delete-top	delete	22	423572
range-delete-top	undo	22	2494446
range-delete-top	delete	23	438570
range-delete-top	undo	23	2249495
range-delete-top	delete	24	399605
range-delete-top	undo	24	2299323
range-delete-top	delete	25	322583
range-delete-top	undo	25	2267931
range-delete-top	delete	26	412620
range-delete-top	undo	26	2263924
range-delete-top	delete	27	353625
range-delete-top	undo	27	2279514
range-delete-top	delete	28	406768
range-delete-top	undo	28	2366275
range-delete-top	delete	29	367532
range-delete-top	undo	29	2241890
range-delete-top	delete	30	405246
range-delete-top	undo	30	2219796
range-delete-top	delete	31	316561
range-delete-top	undo	31	2228674
range-delete-top	delete	32	414544
range-delete-top	undo	32	2590634
range-delete-top	delete	33	535391
range-delete-top	undo	33	2664931
range-delete-top	delete	34	519249
range-delete-top	undo	34	2680631
range-delete-top	delete	35	546101
range-delete-top	undo	35	2759276
range-delete-top	delete	36	519119
range-delete-top	undo	36	2660061
range-delete-top	delete	37	523608
range-delete-top	undo	37	2714759
range-delete-top	delete	38	515181
range-delete-top	undo	38	2751891
range-delete-top	delete	39	494491
range-delete-top	undo	39	2671393
range-delete-top	delete	40	518107
range-delete-top	undo	40	2658899
range-delete-top	delete	41	524690
range-delete-top	undo	41	2634981
range-delete-top	delete	42	518568
range-delete-top	undo	42	2655342
range-delete-top	delete	43	511463
range-delete-top	undo	43	2628439
range-delete-top	delete	44	496705
range-delete-top	undo	44	2645492
range-delete-top	delete	45	498689
range-delete-top	undo	45	2724327
range-delete-top	delete	46	557083
range-delete-top	undo	46	2696682
range-delete-top	delete	47	533327
range-delete-top	undo	47	2613640
range-delete-top	delete	48	549278
range-delete-top	undo	48	2705891
range-delete-top	delete	49	512035
range-delete-top	undo	49	2691052
range-delete-top	delete	50	498870
range-delete-top	undo	50	2812429
range-delete-top	delete	51	517797
range-delete-top	undo	51	2672696
range-delete-top	delete	52	532295
range-delete-top	undo	52	2666443
range-delete-top	delete	53	502235
range-delete-top	undo	53	2634441
range-delete-top	delete	54	507576
range-delete-top	undo	54	2760868
range-delete-top	delete	55	530170
range-delete-top	undo	55	2623299
range-delete-top	delete	56	521764
range-delete-top	undo	56	2714117
range-delete-top	delete	57	608885
range-delete-top	undo	57	2702594
range-delete-top	delete	58	515311
range-delete-top	undo	58	2690210
range-delete-top	delete	59	505493
range-delete-top	undo	59	2725449
range-delete-top	delete	60	532966
range-delete-top	undo	60	2648659
range-delete-top	delete	61	529790
range-delete-top	undo	61	2646674
range-delete-top	delete	62	511454
range-delete-top	undo	62	2636715
range-delete-top	delete	63	504009
range-delete-top	undo	63	2635513
range-delete-top	delete	64	519349
range-delete-top	undo	64	2253573
range-delete-top	delete	65	353554
range-delete-top	undo	65	2237441
range-delete-top	delete	66	381789
range-delete-top	undo	66	2238964
range-delete-top	delete	67	366419
range-delete-top	undo	67	2252862
range-delete-top	delete	68	383703
range-delete-top	undo	68	2301236
range-delete-top	delete	69	353674
range-delete-top	undo	69	2263683
range-delete-top	delete	70	357763
range-delete-top	undo	70	2275055
range-delete-top	delete	71	385566
range-delete-top	undo	71	2282309
range-delete-top	delete	72	364896
range-delete-top	undo	72	2309553
range-delete-top	delete	73	366228
range-delete-top	undo	73	2283291
range-delete-top	delete	74	384504
range-delete-top	undo	74	2278302
range-delete-top	delete	75	364555
range-delete-top	undo	75	2284003
range-delete-top	delete	76	360398
range-delete-top	undo	76	2290596
range-delete-top	delete	77	407380
range-delete-top	undo	77	2261108
range-delete-top	delete	78	365086
range-delete-top	undo	78	2283703
range-delete-top	delete	79	368513
range-delete-top	undo	79	2257681
range-delete-top	delete	80	389144
range-delete-top	undo	80	2244275
range-delete-top	delete	81	447679
range-delete-top	undo	81	2313060
range-delete-top	delete	82	360517
range-delete-top	undo	82	2259955
range-delete-top	delete	83	382841
range-delete-top	undo	83	2250277
range-delete-top	delete	84	367291
range-delete-top	undo	84	2328009
range-delete-top	delete	85	390918
range-delete-top	undo	85	2260326
range-delete-top	delete	86	388673
range-delete-top	undo	86	2212031
range-delete-top	delete	87	374014
range-delete-top	undo	87	2348490
range-delete-top	delete	88	384454
range-delete-top	undo	88	2281738
range-delete-top	delete	89	406828
range-delete-top	undo	89	2264184
range-delete-top	delete	90	366449
range-delete-top	undo	90	2270426
range-delete-top	delete	91	372201
range-delete-top	undo	91	2260567
range-delete-top	delete	92	395526
range-delete-top	undo	92	2233524
range-delete-top	delete	93	371379
range-delete-top	undo	93	2225789
range-delete-top	delete	94	397140
range-delete-top	undo	94	2407625
range-delete-top	delete	95	393753
range-delete-top	undo	95	2262180
range-delete-top	delete	96	368093
range-delete-top	undo	96	2329312
range-delete-top	delete	97	375187
range-delete-top	undo	97	2215117
range-delete-top	delete	98	381959
range-delete-top	undo	98	2255457
range-delete-top	delete	99	370137
range-delete-top	undo	99	2288752
source-line-mid	insert	0	315630
source-line-mid	delete	0	287795
source-line-mid	insert	1	264079
source-line-mid	delete	1	257315
source-line-mid	insert	2	286161
source-line-mid	delete	2	271352
source-line-mid	insert	3	260631
source-line-mid	delete	3	256393
source-line-mid	insert	4	283607
source-line-mid	delete	4	261072
source-line-mid	insert	5	262284
source-line-mid	delete	5	260972
source-line-mid	insert	6	283096
source-line-mid	delete	6	259268
source-line-mid	insert	7	259920
source-line-mid	delete	7	256504
source-line-mid	insert	8	291422
source-line-mid	delete	8	258798
source-line-mid	insert	9	272264
source-line-mid	delete	9	282294
source-line-mid	insert	10	264589
source-line-mid	delete	10	255993
source-line-mid	insert	11	261123
source-line-mid	delete	11	276734
source-line-mid	insert	12	260131
source-line-mid	delete	12	257936
source-line-mid	insert	13	261243
source-line-mid	delete	13	277986
source-line-mid	insert	14	262004
source-line-mid	delete	14	255140
source-line-mid	insert	15	257626
source-line-mid	delete	15	275440
source-line-mid	insert	16	262846
source-line-mid	delete	16	254008
source-line-mid	insert	17	276322
source-line-mid	delete	17	265381
source-line-mid	insert	18	258197
source-line-mid	delete	18	258407
source-line-mid	insert	19	288957
source-line-mid	delete	19	262676
source-line-mid	insert	20	260441
source-line-mid	delete	20	254579
source-line-mid	insert	21	278537
source-line-mid	delete	21	258537
source-line-mid	insert	22	258307
source-line-mid	delete	22	259329
source-line-mid	insert	23	286121
source-line-mid	delete	23	255672
source-line-mid	insert	24	259680
source-line-mid	delete	24	273066
source-line-mid	insert	25	269709
source-line-mid	delete	25	254870
source-line-mid	insert	26	266803
source-line-mid	delete	26	276423
source-line-mid	insert	27	267785
source-line-mid	delete	27	257927
source-line-mid	insert	28	262365
source-line-mid	delete	28	279930
source-line-mid	insert	29	260091
source-line-mid	delete	29	276593
source-line-mid	insert	30	273937
source-line-mid	delete	30	290139
source-line-mid	insert	31	265672
source-line-mid	delete	31	295290
source-line-mid	insert	32	307223
source-line-mid	delete	32	361109
source-line-mid	insert	33	286773
source-line-mid	delete	33	294097
source-line-mid	insert	34	292403
source-line-mid	delete	34	261463
source-line-mid	insert	35	260040
source-line-mid	delete	35	289589
source-line-mid	insert	36	265020
source-line-mid	delete	36	264038
source-line-mid	insert	37	262295
source-line-mid	delete	37	301010
source-line-mid	insert	38	265411
source-line-mid	delete	38	258477
source-line-mid	insert	39	292524
source-line-mid	delete	39	269939
source-line-mid	insert	40	262715
source-line-mid	delete	40	259840
source-line-mid	insert	41	315719
source-line-mid	delete	41	267846
source-line-mid	insert	42	261754
source-line-mid	delete	42	275941
source-line-mid	insert	43	285872
source-line-mid	delete	43	260301
source-line-mid	insert	44	260702
source-line-mid	delete	44	279349
source-line-mid	insert	45	266934
source-line-mid	delete	45	256413
source-line-mid	insert	46	270682
source-line-mid	delete	46	278767
source-line-mid	insert	47	261804
source-line-mid	delete	47	255521
source-line-mid	insert	48	258647
source-line-mid	delete	48	277184
source-line-mid	insert	49	263627
source-line-mid	delete	49	260883
source-line-mid	insert	50	282314
source-line-mid	delete	50	264259
source-line-mid	insert	51	260431
source-line-mid	delete	51	256473
source-line-mid	insert	52	304117
source-line-mid	delete	52	260471
source-line-mid	insert	53	261433
source-line-mid	delete	53	257516
source-line-mid	insert	54	283396
source-line-mid	delete	54	259830
source-line-mid	insert	55	262585
source-line-mid	delete	55	279709
source-line-mid	insert	56	272265
source-line-mid	delete	56	257586
source-line-mid	insert	57	262345
source-line-mid	delete	57	277525
source-line-mid	insert	58	264529
source-line-mid	delete	58	257866
source-line-mid	insert	59	265300
source-line-mid	delete	59	283517
source-line-mid	insert	60	264409
source-line-mid	delete	60	252796
source-line-mid	insert	61	266663
source-line-mid	delete	61	283386
source-line-mid	insert	62	262405
source-line-mid	delete	62	257856
source-line-mid	insert	63	278616
source-line-mid	delete	63	264930
source-line-mid	insert	64	260250
source-line-mid	delete	64	256563
source-line-mid	insert	65	284649
source-line-mid	delete	65	260882
source-line-mid	insert	66	261693
source-line-mid	delete	66	259409
source-line-mid	insert	67	280841
source-line-mid	delete	67	255361
source-line-mid	insert	68	264980
source-line-mid	delete	68	263428
source-line-mid	insert	69	285109
source-line-mid	delete	69	255972
source-line-mid	insert	70	262355
source-line-mid	delete	70	274690
source-line-mid	insert	71	265992
source-line-mid	delete	71	262205
source-line-mid	insert	72	265471
source-line-mid	delete	72	282424
source-line-mid	insert	73	261052
source-line-mid	delete	73	258086
source-line-mid	insert	74	265321
source-line-mid	delete	74	280240
source-line-mid	insert	75	260541
source-line-mid	delete	75	257145
source-line-mid	insert	76	261824
source-line-mid	delete	76	277695
source-line-mid	insert	77	258858
source-line-mid	delete	77	252946
source-line-mid	insert	78	274519
source-line-mid	delete	78	263828
source-line-mid	insert	79	259770
source-line-mid	delete	79	257675
source-line-mid	insert	80	285170
source-line-mid	delete	80	261514
source-line-mid	insert	81	263317
source-line-mid	delete	81	254459
source-line-mid	insert	82	280961
source-line-mid	delete	82	260762
source-line-mid	insert	83	264399
source-line-mid	delete	83	260121
source-line-mid	insert	84	285751
source-line-mid	delete	84	259339
source-line-mid	insert	85	262736
source-line-mid	delete	85	280150
source-line-mid	insert	86	265371
source-line-mid	delete	86	287615
source-line-mid	insert	87	270341
source-line-mid	delete	87	296242
source-line-mid	insert	88	264549
source-line-mid	delete	88	260421
source-line-mid	insert	89	258938
source-line-mid	delete	89	280210
source-line-mid	insert	90	259620
source-line-mid	delete	90	257315
source-line-mid	insert	91	280610
source-line-mid	delete	91	262535
source-line-mid	insert	92	259880
source-line-mid	delete	92	261843
source-line-mid	insert	93	306281
source-line-mid	delete	93	278016
source-line-mid	insert	94	336741
source-line-mid	delete	94	335008
source-line-mid	insert	95	302253
source-line-mid	delete	95	293486
source-line-mid	insert	96	267646
source-line-mid	delete	96	319056
source-line-mid	insert	97	300841
source-line-mid	delete	97	256173
source-line-mid	insert	98	305960
source-line-mid	delete	98	276323
source-line-mid	insert	99	261553
source-line-mid	delete	99	254860
range-delete-mid	delete	0	389554
range-delete-mid	undo	0	3144953
range-delete-mid	delete	1	534920
range-delete-mid	undo	1	3270439
range-delete-mid	delete	2	501444
range-delete-mid	undo	2	3183789
range-delete-mid	delete	3	462237
range-delete-mid	undo	3	3119733
range-delete-mid	delete	4	461435
range-delete-mid	undo	4	3151315
range-delete-mid	delete	5	423020
range-delete-mid	undo	5	3067541
range-delete-mid	delete	6	451045
range-delete-mid	undo	6	3064484
range-delete-mid	delete	7	430194
range-delete-mid	undo	7	3056439
range-delete-mid	delete	8	454582
range-delete-mid	undo	8	2957444
range-delete-mid	delete	9	352892
range-delete-mid	undo	9	2820866
range-delete-mid	delete	10	361029
range-delete-mid	undo	10	2870253
range-delete-mid	delete	11	397570
range-delete-mid	undo	11	2668828
range-delete-mid	delete	12	325278
range-delete-mid	undo	12	2681483
range-delete-mid	delete	13	500222
range-delete-mid	undo	13	2897096
range-delete-mid	delete	14	352131
range-delete-mid	undo	14	2684299
range-delete-mid	delete	15	290890
range-delete-mid	undo	15	2701862
range-delete-mid	delete	16	452518
range-delete-mid	undo	16	3036480
range-delete-mid	delete	17	468309
range-delete-mid	undo	17	2928658
range-delete-mid	delete	18	364746
range-delete-mid	undo	18	2669319
range-delete-mid	delete	19	307433
range-delete-mid	undo	19	2756240
range-delete-mid	delete	20	373803
range-delete-mid	undo	20	2725028
range-delete-mid	delete	21	302624
range-delete-mid	undo	21	2708606
range-delete-mid	delete	22	474100
range-delete-mid	undo	22	2942856
range-delete-mid	delete	23	408001
range-delete-mid	undo	23	2767101
range-delete-mid	delete	24	303225
range-delete-mid	undo	24	2767131
range-delete-mid	delete	25	400606
range-delete-mid	undo	25	2716611
range-delete-mid	delete	26	309547
range-delete-mid	undo	26	2752332
range-delete-mid	delete	27	447829
range-delete-mid	undo	27	3050737
range-delete-mid	delete	28	419874
range-delete-mid	undo	28	2876445
range-delete-mid	delete	29	365407
range-delete-mid	undo	29	2759336
range-delete-mid	delete	30	394714
range-delete-mid	undo	30	2791448
range-delete-mid	delete	31	312553
range-delete-mid	undo	31	2728795
range-delete-mid	delete	32	402640
range-delete-mid	undo	32	3060387
range-delete-mid	delete	33	539218
range-delete-mid	undo	33	3131796
range-delete-mid	delete	34	517135
range-delete-mid	undo	34	3127779
range-delete-mid	delete	35	582212
range-delete-mid	undo	35	3131156
range-delete-mid	delete	36	553737
range-delete-mid	undo	36	3119152
range-delete-mid	delete	37	525652
range-delete-mid	undo	37	3185683
range-delete-mid	delete	38	501835
range-delete-mid	undo	38	3161014
range-delete-mid	delete	39	524099
range-delete-mid	undo	39	3189159
range-delete-mid	delete	40	526925
range-delete-mid	undo	40	3166385
range-delete-mid	delete	41	495433
range-delete-mid	undo	41	3150223
range-delete-mid	delete	42	502106
range-delete-mid	undo	42	3124663
range-delete-mid	delete	43	510472
range-delete-mid	undo	43	3100235
range-delete-mid	delete	44	500091
range-delete-mid	undo	44	3134522
range-delete-mid	delete	45	514871
range-delete-mid	undo	45	3140895
range-delete-mid	delete	46	523137
range-delete-mid	undo	46	3155654
range-delete-mid	delete	47	494781
range-delete-mid	undo	47	3087179
range-delete-mid	delete	48	525271
range-delete-mid	undo	48	3158509
range-delete-mid	delete	49	548857
range-delete-mid	undo	49	3151846
range-delete-mid	delete	50	495933
range-delete-mid	undo	50	3112178
range-delete-mid	delete	51	526604
range-delete-mid	undo	51	3148740
range-delete-mid	delete	52	517686
range-delete-mid	undo	52	3189019
range-delete-mid	delete	53	498919
range-delete-mid	undo	53	3113241
range-delete-mid	delete	54	523166
range-delete-mid	undo	54	3111367
range-delete-mid	delete	55	497567
range-delete-mid	undo	55	3148239
range-delete-mid	delete	56	503148
range-delete-mid	undo	56	3091387
range-delete-mid	delete	57	521975
range-delete-mid	undo	57	3141065
range-delete-mid	delete	58	508007
range-delete-mid	undo	58	3232815
range-delete-mid	delete	59	500192
range-delete-mid	undo	59	3133109
range-delete-mid	delete	60	524970
range-delete-mid	undo	60	3119843
range-delete-mid	delete	61	499691
range-delete-mid	undo	61	3200682
range-delete-mid	delete	62	500833
range-delete-mid	undo	62	3226884
range-delete-mid	delete	63	534279
range-delete-mid	undo	63	3153119
range-delete-mid	delete	64	536182
range-delete-mid	undo	64	2731400
range-delete-mid	delete	65	371760
range-delete-mid	undo	65	2749817
range-delete-mid	delete	66	496825
range-delete-mid	undo	66	2918639
range-delete-mid	delete	67	446506
range-delete-mid	undo	67	2940161
range-delete-mid	delete	68	500472
range-delete-mid	undo	68	3003144
range-delete-mid	delete	69	426907
range-delete-mid	undo	69	2957785
range-delete-mid	delete	70	448119
range-delete-mid	undo	70	2957424
range-delete-mid	delete	71	457879
range-delete-mid	undo	71	3019276
range-delete-mid	delete	72	430925
range-delete-mid	undo	72	3014045
range-delete-mid	delete	73	470724
range-delete-mid	undo	73	2996761
range-delete-mid	delete	74	434553
range-delete-mid	undo	74	2938197
range-delete-mid	delete	75	454853
range-delete-mid	undo	75	2925783
range-delete-mid	delete	76	430335
range-delete-mid	undo	76	2976742
range-delete-mid	delete	77	462879
range-delete-mid	undo	77	2973326
range-delete-mid	delete	78	455985
range-delete-mid	undo	78	3105956
range-delete-mid	delete	79	453550
range-delete-mid	undo	79	2976422
range-delete-mid	delete	80	453029
range-delete-mid	undo	80	2962294
range-delete-mid	delete	81	434162
range-delete-mid	undo	81	3010869
range-delete-mid	delete	82	452748
range-delete-mid	undo	82	2953377
range-delete-mid	delete	83	438250
range-delete-mid	undo	83	2984608
range-delete-mid	delete	84	453430
range-delete-mid	undo	84	3013224
range-delete-mid	delete	85	448790
range-delete-mid	undo	85	2977614
range-delete-mid	delete	86	456246
range-delete-mid	undo	86	3008274
range-delete-mid	delete	87	434543
range-delete-mid	undo	87	2907617
range-delete-mid	delete	88	446967
range-delete-mid	undo	88	3040598
range-delete-mid	delete	89	532505
range-delete-mid	undo	89	2973065
range-delete-mid	delete	90	434773
range-delete-mid	undo	90	3038273
range-delete-mid	delete	91	483148
range-delete-mid	undo	91	2989277
range-delete-mid	delete	92	436357
range-delete-mid	undo	92	2934880
range-delete-mid	delete	93	468369
range-delete-mid	undo	93	2962073
range-delete-mid	delete	94	438741
range-delete-mid	undo	94	2978916
range-delete-mid	delete	95	454693
range-delete-mid	undo	95	2950771
range-delete-mid	delete	96	437008
range-delete-mid	undo	96	2963767
range-delete-mid	delete	97	436547
range-delete-mid	undo	97	2938417
range-delete-mid	delete	98	455504
range-delete-mid	undo	98	2863460
range-delete-mid	delete	99	493609
range-delete-mid	undo	99	2920122
