schema-version	case	metric	baseline-median	baseline-worst	candidate-median	candidate-worst	delta	relative-basis-points	threshold	status
1	edit-frame	wall-average-ns-per-frame	4616784	4626212	4668495	4730357	51711	112	10-percent-and-100000ns	pass
1	edit-frame	cpu-ns-per-frame	9463327	9488818	5946611	6054150	-3516716	-3717	10-percent-and-100000ns	pass
1	edit-frame	peak-rss-bytes	56098816	56229888	24694784	24870912	-31404032	-5598	5-percent-and-1048576bytes	pass
1	edit-frame	snapshot-heap-bytes	0	0	0	0	0	0	5-percent-and-1048576bytes	pass
1	idle-gutter-cancel	wall-average-ns-per-frame	25	25	26	26	1	400	10-percent-and-100000ns	pass
1	idle-gutter-cancel	cpu-ns-per-frame	90	91	92	92	2	222	10-percent-and-100000ns	pass
1	idle-gutter-cancel	peak-rss-bytes	19341312	19484672	19316736	19398656	-24576	-13	5-percent-and-1048576bytes	pass
1	idle-gutter-cancel	snapshot-heap-bytes	80000	80000	80000	80000	0	0	5-percent-and-1048576bytes	pass
1	idle-gutter-project	wall-average-ns-per-frame	18715	18875	18743	19140	28	14	10-percent-and-100000ns	pass
1	idle-gutter-project	cpu-ns-per-frame	20873	20951	20791	21252	-82	-40	10-percent-and-100000ns	pass
1	idle-gutter-project	peak-rss-bytes	19398656	19439616	19443712	19460096	45056	23	5-percent-and-1048576bytes	pass
1	idle-gutter-project	snapshot-heap-bytes	80000	80000	80000	80000	0	0	5-percent-and-1048576bytes	pass
1	idle-quiescent	wall-average-ns-per-frame	23	23	29	29	6	2608	10-percent-and-100000ns	pass
1	idle-quiescent	cpu-ns-per-frame	81	82	88	89	7	864	10-percent-and-100000ns	pass
1	idle-quiescent	peak-rss-bytes	19320832	19427328	19312640	19439616	-8192	-5	5-percent-and-1048576bytes	pass
1	idle-quiescent	snapshot-heap-bytes	0	0	0	0	0	0	5-percent-and-1048576bytes	pass
1	rendered-first-frame	wall-average-ns-per-frame	656708970	658621502	290727772	292040229	-365981198	-5573	10-percent-and-100000ns	pass
1	rendered-first-frame	cpu-ns-per-frame	675159000	677631000	307909999	309697000	-367249001	-5440	10-percent-and-100000ns	pass
1	rendered-first-frame	peak-rss-bytes	189075456	189239296	152113152	152379392	-36962304	-1955	5-percent-and-1048576bytes	pass
1	rendered-first-frame	snapshot-heap-bytes	46869472	46869472	46869472	46869472	0	0	5-percent-and-1048576bytes	pass
1	rendered-gutter-dense-5000	wall-average-ns-per-frame	300498	305326	81112	81783	-219386	-7301	10-percent-and-100000ns	pass
1	rendered-gutter-dense-5000	cpu-ns-per-frame	660649	668202	170745	172611	-489904	-7416	10-percent-and-100000ns	pass
1	rendered-gutter-dense-5000	peak-rss-bytes	106741760	107040768	107515904	107675648	774144	72	5-percent-and-1048576bytes	pass
1	rendered-gutter-dense-5000	snapshot-heap-bytes	80000	80000	80000	80000	0	0	5-percent-and-1048576bytes	pass
1	rendered-gutter-dense-50000	wall-average-ns-per-frame	292197	303075	80929	82303	-211268	-7231	10-percent-and-100000ns	pass
1	rendered-gutter-dense-50000	cpu-ns-per-frame	649304	672650	173026	175535	-476278	-7336	10-percent-and-100000ns	pass
1	rendered-gutter-dense-50000	peak-rss-bytes	107900928	108064768	108806144	109010944	905216	83	5-percent-and-1048576bytes	pass
1	rendered-gutter-dense-50000	snapshot-heap-bytes	800000	800000	800000	800000	0	0	5-percent-and-1048576bytes	pass
1	rendered-gutter-sparse	wall-average-ns-per-frame	303562	315953	100959	101854	-202603	-6675	10-percent-and-100000ns	pass
1	rendered-gutter-sparse	cpu-ns-per-frame	669930	697580	212877	213663	-457053	-6823	10-percent-and-100000ns	pass
1	rendered-gutter-sparse	peak-rss-bytes	106668032	106856448	107302912	107491328	634880	59	5-percent-and-1048576bytes	pass
1	rendered-gutter-sparse	snapshot-heap-bytes	64	64	64	64	0	0	5-percent-and-1048576bytes	pass
1	rendered-render-empty	wall-average-ns-per-frame	244414	247880	87137	87440	-157277	-6435	10-percent-and-100000ns	pass
1	rendered-render-empty	cpu-ns-per-frame	333356	337501	113470	113580	-219886	-6597	10-percent-and-100000ns	pass
1	rendered-render-empty	peak-rss-bytes	31399936	31539200	32702464	32997376	1302528	414	5-percent-and-1048576bytes	pass
1	rendered-render-empty	snapshot-heap-bytes	0	0	0	0	0	0	5-percent-and-1048576bytes	pass
1	source-first-frame	wall-average-ns-per-frame	244791245	245394669	51163366	51487372	-193627879	-7910	10-percent-and-100000ns	pass
1	source-first-frame	cpu-ns-per-frame	253888999	255079000	56563000	57818000	-197325999	-7773	10-percent-and-100000ns	pass
1	source-first-frame	peak-rss-bytes	53911552	54075392	23089152	23244800	-30822400	-5718	5-percent-and-1048576bytes	pass
1	source-first-frame	snapshot-heap-bytes	0	0	0	0	0	0	5-percent-and-1048576bytes	pass
1	source-gutter-dense-5000	wall-average-ns-per-frame	162560	165314	80911	81000	-81649	-5023	10-percent-and-100000ns	pass
1	source-gutter-dense-5000	cpu-ns-per-frame	265966	269341	131912	132334	-134054	-5041	10-percent-and-100000ns	pass
1	source-gutter-dense-5000	peak-rss-bytes	46333952	46497792	48353280	48660480	2019328	435	5-percent-and-1048576bytes	pass
1	source-gutter-dense-5000	snapshot-heap-bytes	80000	80000	80000	80000	0	0	5-percent-and-1048576bytes	pass
1	source-gutter-dense-50000	wall-average-ns-per-frame	162135	163134	80875	81075	-81260	-5012	10-percent-and-100000ns	pass
1	source-gutter-dense-50000	cpu-ns-per-frame	268426	270867	133733	133983	-134693	-5018	10-percent-and-100000ns	pass
1	source-gutter-dense-50000	peak-rss-bytes	48742400	49111040	49946624	50122752	1204224	247	5-percent-and-1048576bytes	pass
1	source-gutter-dense-50000	snapshot-heap-bytes	800000	800000	800000	800000	0	0	5-percent-and-1048576bytes	pass
1	source-gutter-sparse	wall-average-ns-per-frame	160158	161976	101276	101709	-58882	-3677	10-percent-and-100000ns	pass
1	source-gutter-sparse	cpu-ns-per-frame	261500	265445	165630	167936	-95870	-3667	10-percent-and-100000ns	pass
1	source-gutter-sparse	peak-rss-bytes	46166016	46215168	48144384	48168960	1978368	428	5-percent-and-1048576bytes	pass
1	source-gutter-sparse	snapshot-heap-bytes	64	64	64	64	0	0	5-percent-and-1048576bytes	pass
1	source-render-empty	wall-average-ns-per-frame	3892125	3901532	88287	89804	-3803838	-9774	10-percent-and-100000ns	pass
1	source-render-empty	cpu-ns-per-frame	7940184	7968861	108759	110468	-7831425	-9864	10-percent-and-100000ns	pass
1	source-render-empty	peak-rss-bytes	54325248	54398976	22843392	23093248	-31481856	-5796	5-percent-and-1048576bytes	pass
1	source-render-empty	snapshot-heap-bytes	0	0	0	0	0	0	5-percent-and-1048576bytes	pass
1	source-scroll-frame	wall-average-ns-per-frame	4052455	4068848	4159571	4175381	107116	264	10-percent-and-100000ns	pass
1	source-scroll-frame	cpu-ns-per-frame	8285306	8351596	5219409	5242816	-3065897	-3701	10-percent-and-100000ns	pass
1	source-scroll-frame	peak-rss-bytes	54235136	54464512	23773184	24018944	-30461952	-5617	5-percent-and-1048576bytes	pass
1	source-scroll-frame	snapshot-heap-bytes	0	0	0	0	0	0	5-percent-and-1048576bytes	pass
