schema-version	revision	branch-role	rustc	os	arch	cpu-model	logical-cpus	memory-bytes	fixture-version	case	trial	iterations	measured-ns	wall-average-ns-per-frame	wall-worst-ns-per-frame	cpu-ns-per-frame	peak-rss-bytes	snapshot-heap-bytes	status
1	ab30fa474a8cd816e018cbe9c3a5f5577706b2ee	candidate	rustc 1.97.1 (8bab26f4f 2026-07-14)	linux	x86_64	AMD Ryzen 7 5700U with Radeon Graphics	8	66792960000	oom-edit-tui-v2	source-render-empty	1	2816	249875717	88734	103062	108856	22933504	0	pass
1	ab30fa474a8cd816e018cbe9c3a5f5577706b2ee	candidate	rustc 1.97.1 (8bab26f4f 2026-07-14)	linux	x86_64	AMD Ryzen 7 5700U with Radeon Graphics	8	66792960000	oom-edit-tui-v2	source-render-empty	2	2812	249862132	88855	122741	109108	22933504	0	pass
1	ab30fa474a8cd816e018cbe9c3a5f5577706b2ee	candidate	rustc 1.97.1 (8bab26f4f 2026-07-14)	linux	x86_64	AMD Ryzen 7 5700U with Radeon Graphics	8	66792960000	oom-edit-tui-v2	source-render-empty	3	2818	249895054	88678	138953	109191	23289856	0	pass
1	ab30fa474a8cd816e018cbe9c3a5f5577706b2ee	candidate	rustc 1.97.1 (8bab26f4f 2026-07-14)	linux	x86_64	AMD Ryzen 7 5700U with Radeon Graphics	8	66792960000	oom-edit-tui-v2	source-render-empty	4	2814	249847962	88787	119455	109417	22949888	0	pass
1	ab30fa474a8cd816e018cbe9c3a5f5577706b2ee	candidate	rustc 1.97.1 (8bab26f4f 2026-07-14)	linux	x86_64	AMD Ryzen 7 5700U with Radeon Graphics	8	66792960000	oom-edit-tui-v2	source-render-empty	5	2821	249917486	88591	113754	109154	23072768	0	pass
1	ab30fa474a8cd816e018cbe9c3a5f5577706b2ee	candidate	rustc 1.97.1 (8bab26f4f 2026-07-14)	linux	x86_64	AMD Ryzen 7 5700U with Radeon Graphics	8	66792960000	oom-edit-tui-v2	rendered-render-empty	1	2865	249870140	87214	109485	113210	32845824	0	pass
1	ab30fa474a8cd816e018cbe9c3a5f5577706b2ee	candidate	rustc 1.97.1 (8bab26f4f 2026-07-14)	linux	x86_64	AMD Ryzen 7 5700U with Radeon Graphics	8	66792960000	oom-edit-tui-v2	rendered-render-empty	2	2860	249836224	87355	246484	113068	32718848	0	pass
1	ab30fa474a8cd816e018cbe9c3a5f5577706b2ee	candidate	rustc 1.97.1 (8bab26f4f 2026-07-14)	linux	x86_64	AMD Ryzen 7 5700U with Radeon Graphics	8	66792960000	oom-edit-tui-v2	rendered-render-empty	3	2870	249869174	87062	105087	112912	32706560	0	pass
1	ab30fa474a8cd816e018cbe9c3a5f5577706b2ee	candidate	rustc 1.97.1 (8bab26f4f 2026-07-14)	linux	x86_64	AMD Ryzen 7 5700U with Radeon Graphics	8	66792960000	oom-edit-tui-v2	rendered-render-empty	4	2866	249834723	87171	113593	112849	32952320	0	pass
1	ab30fa474a8cd816e018cbe9c3a5f5577706b2ee	candidate	rustc 1.97.1 (8bab26f4f 2026-07-14)	linux	x86_64	AMD Ryzen 7 5700U with Radeon Graphics	8	66792960000	oom-edit-tui-v2	rendered-render-empty	5	2877	249859177	86847	132381	112647	32763904	0	pass
1	ab30fa474a8cd816e018cbe9c3a5f5577706b2ee	candidate	rustc 1.97.1 (8bab26f4f 2026-07-14)	linux	x86_64	AMD Ryzen 7 5700U with Radeon Graphics	8	66792960000	oom-edit-tui-v2	source-first-frame	1	1	50924392	50924392	50924392	56294000	23179264	0	pass
1	ab30fa474a8cd816e018cbe9c3a5f5577706b2ee	candidate	rustc 1.97.1 (8bab26f4f 2026-07-14)	linux	x86_64	AMD Ryzen 7 5700U with Radeon Graphics	8	66792960000	oom-edit-tui-v2	source-first-frame	2	1	51334378	51334378	51334378	57325000	23130112	0	pass
1	ab30fa474a8cd816e018cbe9c3a5f5577706b2ee	candidate	rustc 1.97.1 (8bab26f4f 2026-07-14)	linux	x86_64	AMD Ryzen 7 5700U with Radeon Graphics	8	66792960000	oom-edit-tui-v2	source-first-frame	3	1	50785770	50785770	50785770	56544000	23138304	0	pass
1	ab30fa474a8cd816e018cbe9c3a5f5577706b2ee	candidate	rustc 1.97.1 (8bab26f4f 2026-07-14)	linux	x86_64	AMD Ryzen 7 5700U with Radeon Graphics	8	66792960000	oom-edit-tui-v2	source-first-frame	4	1	50625945	50625945	50625945	57238000	22904832	0	pass
1	ab30fa474a8cd816e018cbe9c3a5f5577706b2ee	candidate	rustc 1.97.1 (8bab26f4f 2026-07-14)	linux	x86_64	AMD Ryzen 7 5700U with Radeon Graphics	8	66792960000	oom-edit-tui-v2	source-first-frame	5	1	51089046	51089046	51089046	57013000	23252992	0	pass
1	ab30fa474a8cd816e018cbe9c3a5f5577706b2ee	candidate	rustc 1.97.1 (8bab26f4f 2026-07-14)	linux	x86_64	AMD Ryzen 7 5700U with Radeon Graphics	8	66792960000	oom-edit-tui-v2	rendered-first-frame	1	1	288480678	288480678	288480678	306606000	152301568	46869472	pass
1	ab30fa474a8cd816e018cbe9c3a5f5577706b2ee	candidate	rustc 1.97.1 (8bab26f4f 2026-07-14)	linux	x86_64	AMD Ryzen 7 5700U with Radeon Graphics	8	66792960000	oom-edit-tui-v2	rendered-first-frame	2	1	289197146	289197146	289197146	306228000	151949312	46869472	pass
1	ab30fa474a8cd816e018cbe9c3a5f5577706b2ee	candidate	rustc 1.97.1 (8bab26f4f 2026-07-14)	linux	x86_64	AMD Ryzen 7 5700U with Radeon Graphics	8	66792960000	oom-edit-tui-v2	rendered-first-frame	3	1	287790961	287790961	287790961	306032000	152203264	46869472	pass
1	ab30fa474a8cd816e018cbe9c3a5f5577706b2ee	candidate	rustc 1.97.1 (8bab26f4f 2026-07-14)	linux	x86_64	AMD Ryzen 7 5700U with Radeon Graphics	8	66792960000	oom-edit-tui-v2	rendered-first-frame	4	1	285241650	285241650	285241650	303494000	151969792	46869472	pass
1	ab30fa474a8cd816e018cbe9c3a5f5577706b2ee	candidate	rustc 1.97.1 (8bab26f4f 2026-07-14)	linux	x86_64	AMD Ryzen 7 5700U with Radeon Graphics	8	66792960000	oom-edit-tui-v2	rendered-first-frame	5	1	287467366	287467366	287467366	306898000	152236032	46869472	pass
1	ab30fa474a8cd816e018cbe9c3a5f5577706b2ee	candidate	rustc 1.97.1 (8bab26f4f 2026-07-14)	linux	x86_64	AMD Ryzen 7 5700U with Radeon Graphics	8	66792960000	oom-edit-tui-v2	edit-frame	1	56	253896447	4533865	5713651	5745642	24768512	0	pass
1	ab30fa474a8cd816e018cbe9c3a5f5577706b2ee	candidate	rustc 1.97.1 (8bab26f4f 2026-07-14)	linux	x86_64	AMD Ryzen 7 5700U with Radeon Graphics	8	66792960000	oom-edit-tui-v2	edit-frame	2	56	252935190	4516699	5649605	5724892	24715264	0	pass
1	ab30fa474a8cd816e018cbe9c3a5f5577706b2ee	candidate	rustc 1.97.1 (8bab26f4f 2026-07-14)	linux	x86_64	AMD Ryzen 7 5700U with Radeon Graphics	8	66792960000	oom-edit-tui-v2	edit-frame	3	56	252038252	4500683	5331630	5705267	24678400	0	pass
1	ab30fa474a8cd816e018cbe9c3a5f5577706b2ee	candidate	rustc 1.97.1 (8bab26f4f 2026-07-14)	linux	x86_64	AMD Ryzen 7 5700U with Radeon Graphics	8	66792960000	oom-edit-tui-v2	edit-frame	4	56	254404755	4542942	4827830	5747785	24604672	0	pass
1	ab30fa474a8cd816e018cbe9c3a5f5577706b2ee	candidate	rustc 1.97.1 (8bab26f4f 2026-07-14)	linux	x86_64	AMD Ryzen 7 5700U with Radeon Graphics	8	66792960000	oom-edit-tui-v2	edit-frame	5	56	252613334	4510952	4584933	5716714	24829952	0	pass
1	ab30fa474a8cd816e018cbe9c3a5f5577706b2ee	candidate	rustc 1.97.1 (8bab26f4f 2026-07-14)	linux	x86_64	AMD Ryzen 7 5700U with Radeon Graphics	8	66792960000	oom-edit-tui-v2	source-scroll-frame	1	60	250021552	4167025	4409708	5255816	23695360	0	pass
1	ab30fa474a8cd816e018cbe9c3a5f5577706b2ee	candidate	rustc 1.97.1 (8bab26f4f 2026-07-14)	linux	x86_64	AMD Ryzen 7 5700U with Radeon Graphics	8	66792960000	oom-edit-tui-v2	source-scroll-frame	2	60	250431689	4173861	4290514	5238650	23674880	0	pass
1	ab30fa474a8cd816e018cbe9c3a5f5577706b2ee	candidate	rustc 1.97.1 (8bab26f4f 2026-07-14)	linux	x86_64	AMD Ryzen 7 5700U with Radeon Graphics	8	66792960000	oom-edit-tui-v2	source-scroll-frame	3	61	254017820	4164226	4296556	5237475	23904256	0	pass
1	ab30fa474a8cd816e018cbe9c3a5f5577706b2ee	candidate	rustc 1.97.1 (8bab26f4f 2026-07-14)	linux	x86_64	AMD Ryzen 7 5700U with Radeon Graphics	8	66792960000	oom-edit-tui-v2	source-scroll-frame	4	61	253609064	4157525	4249003	5254131	23744512	0	pass
1	ab30fa474a8cd816e018cbe9c3a5f5577706b2ee	candidate	rustc 1.97.1 (8bab26f4f 2026-07-14)	linux	x86_64	AMD Ryzen 7 5700U with Radeon Graphics	8	66792960000	oom-edit-tui-v2	source-scroll-frame	5	61	253591137	4157231	4253832	5238344	24006656	0	pass
1	ab30fa474a8cd816e018cbe9c3a5f5577706b2ee	candidate	rustc 1.97.1 (8bab26f4f 2026-07-14)	linux	x86_64	AMD Ryzen 7 5700U with Radeon Graphics	8	66792960000	oom-edit-tui-v2	idle-quiescent	1	2913749	86447536	29	27565	88	19300352	0	pass
1	ab30fa474a8cd816e018cbe9c3a5f5577706b2ee	candidate	rustc 1.97.1 (8bab26f4f 2026-07-14)	linux	x86_64	AMD Ryzen 7 5700U with Radeon Graphics	8	66792960000	oom-edit-tui-v2	idle-quiescent	2	2901543	86300446	29	7766	88	19275776	0	pass
1	ab30fa474a8cd816e018cbe9c3a5f5577706b2ee	candidate	rustc 1.97.1 (8bab26f4f 2026-07-14)	linux	x86_64	AMD Ryzen 7 5700U with Radeon Graphics	8	66792960000	oom-edit-tui-v2	idle-quiescent	3	2902886	86525190	29	16212	88	19324928	0	pass
1	ab30fa474a8cd816e018cbe9c3a5f5577706b2ee	candidate	rustc 1.97.1 (8bab26f4f 2026-07-14)	linux	x86_64	AMD Ryzen 7 5700U with Radeon Graphics	8	66792960000	oom-edit-tui-v2	idle-quiescent	4	2905511	86478454	29	40209	88	19312640	0	pass
1	ab30fa474a8cd816e018cbe9c3a5f5577706b2ee	candidate	rustc 1.97.1 (8bab26f4f 2026-07-14)	linux	x86_64	AMD Ryzen 7 5700U with Radeon Graphics	8	66792960000	oom-edit-tui-v2	idle-quiescent	5	2893082	86169175	29	17574	89	19263488	0	pass
1	ab30fa474a8cd816e018cbe9c3a5f5577706b2ee	candidate	rustc 1.97.1 (8bab26f4f 2026-07-14)	linux	x86_64	AMD Ryzen 7 5700U with Radeon Graphics	8	66792960000	oom-edit-tui-v2	source-gutter-sparse	1	2481	249907426	100728	134564	164789	47796224	64	pass
1	ab30fa474a8cd816e018cbe9c3a5f5577706b2ee	candidate	rustc 1.97.1 (8bab26f4f 2026-07-14)	linux	x86_64	AMD Ryzen 7 5700U with Radeon Graphics	8	66792960000	oom-edit-tui-v2	source-gutter-sparse	2	2473	249869323	101038	200754	165426	47816704	64	pass
1	ab30fa474a8cd816e018cbe9c3a5f5577706b2ee	candidate	rustc 1.97.1 (8bab26f4f 2026-07-14)	linux	x86_64	AMD Ryzen 7 5700U with Radeon Graphics	8	66792960000	oom-edit-tui-v2	source-gutter-sparse	3	2465	249947690	101398	337263	166073	48050176	64	pass
1	ab30fa474a8cd816e018cbe9c3a5f5577706b2ee	candidate	rustc 1.97.1 (8bab26f4f 2026-07-14)	linux	x86_64	AMD Ryzen 7 5700U with Radeon Graphics	8	66792960000	oom-edit-tui-v2	source-gutter-sparse	4	2468	249950106	101276	319267	166162	47861760	64	pass
1	ab30fa474a8cd816e018cbe9c3a5f5577706b2ee	candidate	rustc 1.97.1 (8bab26f4f 2026-07-14)	linux	x86_64	AMD Ryzen 7 5700U with Radeon Graphics	8	66792960000	oom-edit-tui-v2	source-gutter-sparse	5	2467	249931340	101309	286423	166396	47841280	64	pass
1	ab30fa474a8cd816e018cbe9c3a5f5577706b2ee	candidate	rustc 1.97.1 (8bab26f4f 2026-07-14)	linux	x86_64	AMD Ryzen 7 5700U with Radeon Graphics	8	66792960000	oom-edit-tui-v2	rendered-gutter-sparse	1	2477	249940788	100904	215163	213829	107405312	64	pass
1	ab30fa474a8cd816e018cbe9c3a5f5577706b2ee	candidate	rustc 1.97.1 (8bab26f4f 2026-07-14)	linux	x86_64	AMD Ryzen 7 5700U with Radeon Graphics	8	66792960000	oom-edit-tui-v2	rendered-gutter-sparse	2	2476	249940427	100945	135877	211740	107130880	64	pass
1	ab30fa474a8cd816e018cbe9c3a5f5577706b2ee	candidate	rustc 1.97.1 (8bab26f4f 2026-07-14)	linux	x86_64	AMD Ryzen 7 5700U with Radeon Graphics	8	66792960000	oom-edit-tui-v2	rendered-gutter-sparse	3	2469	249906169	101217	138873	212831	107020288	64	pass
1	ab30fa474a8cd816e018cbe9c3a5f5577706b2ee	candidate	rustc 1.97.1 (8bab26f4f 2026-07-14)	linux	x86_64	AMD Ryzen 7 5700U with Radeon Graphics	8	66792960000	oom-edit-tui-v2	rendered-gutter-sparse	4	2479	249859917	100790	128763	210311	107208704	64	pass
1	ab30fa474a8cd816e018cbe9c3a5f5577706b2ee	candidate	rustc 1.97.1 (8bab26f4f 2026-07-14)	linux	x86_64	AMD Ryzen 7 5700U with Radeon Graphics	8	66792960000	oom-edit-tui-v2	rendered-gutter-sparse	5	2477	249908751	100891	157560	210615	107180032	64	pass
1	ab30fa474a8cd816e018cbe9c3a5f5577706b2ee	candidate	rustc 1.97.1 (8bab26f4f 2026-07-14)	linux	x86_64	AMD Ryzen 7 5700U with Radeon Graphics	8	66792960000	oom-edit-tui-v2	source-gutter-dense-5000	1	2908	249852639	85919	115667	140202	48386048	80000	pass
1	ab30fa474a8cd816e018cbe9c3a5f5577706b2ee	candidate	rustc 1.97.1 (8bab26f4f 2026-07-14)	linux	x86_64	AMD Ryzen 7 5700U with Radeon Graphics	8	66792960000	oom-edit-tui-v2	source-gutter-dense-5000	2	2890	249903130	86471	134865	141850	48214016	80000	pass
1	ab30fa474a8cd816e018cbe9c3a5f5577706b2ee	candidate	rustc 1.97.1 (8bab26f4f 2026-07-14)	linux	x86_64	AMD Ryzen 7 5700U with Radeon Graphics	8	66792960000	oom-edit-tui-v2	source-gutter-dense-5000	3	2896	249902570	86292	188020	141518	47988736	80000	pass
1	ab30fa474a8cd816e018cbe9c3a5f5577706b2ee	candidate	rustc 1.97.1 (8bab26f4f 2026-07-14)	linux	x86_64	AMD Ryzen 7 5700U with Radeon Graphics	8	66792960000	oom-edit-tui-v2	source-gutter-dense-5000	4	2902	249892998	86110	119575	141437	48123904	80000	pass
1	ab30fa474a8cd816e018cbe9c3a5f5577706b2ee	candidate	rustc 1.97.1 (8bab26f4f 2026-07-14)	linux	x86_64	AMD Ryzen 7 5700U with Radeon Graphics	8	66792960000	oom-edit-tui-v2	source-gutter-dense-5000	5	2879	249906720	86803	251394	142143	48271360	80000	pass
1	ab30fa474a8cd816e018cbe9c3a5f5577706b2ee	candidate	rustc 1.97.1 (8bab26f4f 2026-07-14)	linux	x86_64	AMD Ryzen 7 5700U with Radeon Graphics	8	66792960000	oom-edit-tui-v2	source-gutter-dense-50000	1	2905	249898373	86023	112070	142892	49942528	800000	pass
1	ab30fa474a8cd816e018cbe9c3a5f5577706b2ee	candidate	rustc 1.97.1 (8bab26f4f 2026-07-14)	linux	x86_64	AMD Ryzen 7 5700U with Radeon Graphics	8	66792960000	oom-edit-tui-v2	source-gutter-dense-50000	2	2902	249915528	86118	174293	143608	49717248	800000	pass
1	ab30fa474a8cd816e018cbe9c3a5f5577706b2ee	candidate	rustc 1.97.1 (8bab26f4f 2026-07-14)	linux	x86_64	AMD Ryzen 7 5700U with Radeon Graphics	8	66792960000	oom-edit-tui-v2	source-gutter-dense-50000	3	2897	249849534	86244	109395	142854	49520640	800000	pass
1	ab30fa474a8cd816e018cbe9c3a5f5577706b2ee	candidate	rustc 1.97.1 (8bab26f4f 2026-07-14)	linux	x86_64	AMD Ryzen 7 5700U with Radeon Graphics	8	66792960000	oom-edit-tui-v2	source-gutter-dense-50000	4	2863	249898140	87285	130978	145706	49733632	800000	pass
1	ab30fa474a8cd816e018cbe9c3a5f5577706b2ee	candidate	rustc 1.97.1 (8bab26f4f 2026-07-14)	linux	x86_64	AMD Ryzen 7 5700U with Radeon Graphics	8	66792960000	oom-edit-tui-v2	source-gutter-dense-50000	5	2885	249905514	86622	268808	143445	49692672	800000	pass
1	ab30fa474a8cd816e018cbe9c3a5f5577706b2ee	candidate	rustc 1.97.1 (8bab26f4f 2026-07-14)	linux	x86_64	AMD Ryzen 7 5700U with Radeon Graphics	8	66792960000	oom-edit-tui-v2	rendered-gutter-dense-5000	1	2873	249849841	86964	283678	183295	107646976	80000	pass
1	ab30fa474a8cd816e018cbe9c3a5f5577706b2ee	candidate	rustc 1.97.1 (8bab26f4f 2026-07-14)	linux	x86_64	AMD Ryzen 7 5700U with Radeon Graphics	8	66792960000	oom-edit-tui-v2	rendered-gutter-dense-5000	2	2877	249856103	86846	135116	183924	107872256	80000	pass
1	ab30fa474a8cd816e018cbe9c3a5f5577706b2ee	candidate	rustc 1.97.1 (8bab26f4f 2026-07-14)	linux	x86_64	AMD Ryzen 7 5700U with Radeon Graphics	8	66792960000	oom-edit-tui-v2	rendered-gutter-dense-5000	3	2886	249867009	86579	111359	182807	107618304	80000	pass
1	ab30fa474a8cd816e018cbe9c3a5f5577706b2ee	candidate	rustc 1.97.1 (8bab26f4f 2026-07-14)	linux	x86_64	AMD Ryzen 7 5700U with Radeon Graphics	8	66792960000	oom-edit-tui-v2	rendered-gutter-dense-5000	4	2875	249879937	86914	250372	183416	107597824	80000	pass
1	ab30fa474a8cd816e018cbe9c3a5f5577706b2ee	candidate	rustc 1.97.1 (8bab26f4f 2026-07-14)	linux	x86_64	AMD Ryzen 7 5700U with Radeon Graphics	8	66792960000	oom-edit-tui-v2	rendered-gutter-dense-5000	5	2851	249867718	87642	295762	184430	107806720	80000	pass
1	ab30fa474a8cd816e018cbe9c3a5f5577706b2ee	candidate	rustc 1.97.1 (8bab26f4f 2026-07-14)	linux	x86_64	AMD Ryzen 7 5700U with Radeon Graphics	8	66792960000	oom-edit-tui-v2	rendered-gutter-dense-50000	1	2900	249907861	86175	127250	184001	108597248	800000	pass
1	ab30fa474a8cd816e018cbe9c3a5f5577706b2ee	candidate	rustc 1.97.1 (8bab26f4f 2026-07-14)	linux	x86_64	AMD Ryzen 7 5700U with Radeon Graphics	8	66792960000	oom-edit-tui-v2	rendered-gutter-dense-50000	2	2895	249905703	86323	283657	184360	108732416	800000	pass
1	ab30fa474a8cd816e018cbe9c3a5f5577706b2ee	candidate	rustc 1.97.1 (8bab26f4f 2026-07-14)	linux	x86_64	AMD Ryzen 7 5700U with Radeon Graphics	8	66792960000	oom-edit-tui-v2	rendered-gutter-dense-50000	3	2892	249909696	86414	111539	183734	108986368	800000	pass
1	ab30fa474a8cd816e018cbe9c3a5f5577706b2ee	candidate	rustc 1.97.1 (8bab26f4f 2026-07-14)	linux	x86_64	AMD Ryzen 7 5700U with Radeon Graphics	8	66792960000	oom-edit-tui-v2	rendered-gutter-dense-50000	4	2879	249877067	86793	247507	185126	108830720	800000	pass
1	ab30fa474a8cd816e018cbe9c3a5f5577706b2ee	candidate	rustc 1.97.1 (8bab26f4f 2026-07-14)	linux	x86_64	AMD Ryzen 7 5700U with Radeon Graphics	8	66792960000	oom-edit-tui-v2	rendered-gutter-dense-50000	5	2872	249919380	87019	226445	185909	108748800	800000	pass
1	ab30fa474a8cd816e018cbe9c3a5f5577706b2ee	candidate	rustc 1.97.1 (8bab26f4f 2026-07-14)	linux	x86_64	AMD Ryzen 7 5700U with Radeon Graphics	8	66792960000	oom-edit-tui-v2	idle-gutter-project	1	12955	249248996	19239	108292	21271	19308544	80000	pass
1	ab30fa474a8cd816e018cbe9c3a5f5577706b2ee	candidate	rustc 1.97.1 (8bab26f4f 2026-07-14)	linux	x86_64	AMD Ryzen 7 5700U with Radeon Graphics	8	66792960000	oom-edit-tui-v2	idle-gutter-project	2	12402	249262899	20098	50870	22311	19316736	80000	pass
1	ab30fa474a8cd816e018cbe9c3a5f5577706b2ee	candidate	rustc 1.97.1 (8bab26f4f 2026-07-14)	linux	x86_64	AMD Ryzen 7 5700U with Radeon Graphics	8	66792960000	oom-edit-tui-v2	idle-gutter-project	3	13156	249255124	18946	66641	20958	19345408	80000	pass
1	ab30fa474a8cd816e018cbe9c3a5f5577706b2ee	candidate	rustc 1.97.1 (8bab26f4f 2026-07-14)	linux	x86_64	AMD Ryzen 7 5700U with Radeon Graphics	8	66792960000	oom-edit-tui-v2	idle-gutter-project	4	12887	249275899	19343	83804	21559	19308544	80000	pass
1	ab30fa474a8cd816e018cbe9c3a5f5577706b2ee	candidate	rustc 1.97.1 (8bab26f4f 2026-07-14)	linux	x86_64	AMD Ryzen 7 5700U with Radeon Graphics	8	66792960000	oom-edit-tui-v2	idle-gutter-project	5	12797	249257104	19477	101450	21639	19341312	80000	pass
1	ab30fa474a8cd816e018cbe9c3a5f5577706b2ee	candidate	rustc 1.97.1 (8bab26f4f 2026-07-14)	linux	x86_64	AMD Ryzen 7 5700U with Radeon Graphics	8	66792960000	oom-edit-tui-v2	idle-gutter-cancel	1	2954109	79931001	27	22855	92	19439616	80000	pass
1	ab30fa474a8cd816e018cbe9c3a5f5577706b2ee	candidate	rustc 1.97.1 (8bab26f4f 2026-07-14)	linux	x86_64	AMD Ryzen 7 5700U with Radeon Graphics	8	66792960000	oom-edit-tui-v2	idle-gutter-cancel	2	2978808	80133534	26	27324	93	19365888	80000	pass
1	ab30fa474a8cd816e018cbe9c3a5f5577706b2ee	candidate	rustc 1.97.1 (8bab26f4f 2026-07-14)	linux	x86_64	AMD Ryzen 7 5700U with Radeon Graphics	8	66792960000	oom-edit-tui-v2	idle-gutter-cancel	3	2954152	79576251	26	36653	93	19308544	80000	pass
1	ab30fa474a8cd816e018cbe9c3a5f5577706b2ee	candidate	rustc 1.97.1 (8bab26f4f 2026-07-14)	linux	x86_64	AMD Ryzen 7 5700U with Radeon Graphics	8	66792960000	oom-edit-tui-v2	idle-gutter-cancel	4	2942528	78944282	26	13988	93	19369984	80000	pass
1	ab30fa474a8cd816e018cbe9c3a5f5577706b2ee	candidate	rustc 1.97.1 (8bab26f4f 2026-07-14)	linux	x86_64	AMD Ryzen 7 5700U with Radeon Graphics	8	66792960000	oom-edit-tui-v2	idle-gutter-cancel	5	2956935	79844763	27	27144	93	19292160	80000	pass
