requirement	task	case	fixture	expected	location	target	status
FR-083	012	EDIT-FR-083-real-dispatch-matrix	12 mode prompt prefix and modal contexts with seven modified/function/noop inputs	84 ownership and actual-disposition assertions; modal text retained and noops preserve exact cursor status hints events	crates/oom-edit/tests/bindings_public.rs::real_dispatch_ownership_matrix_includes_text_pending_and_modal_noops	make test-pane-bindings	covered
FR-082	012	EDIT-FR-082-app-sequences	all exported executable App modes and concrete sequences	39 sequences reach existing dispatch with exact ownership and observable command outcomes	crates/oom-edit/tests/bindings_public.rs::app_sequences_and_context_overrides_drive_the_existing_dispatcher	make test-pane-bindings	covered
FR-082	012	EDIT-FR-082-core-sequences	core key modes selection operators tab actions and counts	23 concrete key cases plus count/register produce real mode text selection and tab effects	crates/oom-edit/tests/bindings_public.rs::core_key_metadata_drives_real_modes_selections_and_tab_effects	make test-pane-bindings	covered
FR-082	012	EDIT-FR-082-ex-dispatch	spell tabnew tabclose and quit-all Ex grammar	owned Command-mode Ex metadata drives the existing core dispatcher and preserves disk bytes	crates/oom-edit/tests/bindings_public.rs::ex_metadata_has_a_core_dispatcher_without_executable_palette_actions	make test-pane-bindings	covered
FR-082	012	EDIT-FR-082-negative-registry	missing row changed concrete key and reference promoted to executable	contract oracle rejects every mutation and accepts the exact 55-row registry	crates/oom-edit/tests/bindings_public.rs::registry_contract_rejects_missing_rows_changed_keys_and_executable_references	make test-pane-bindings	covered
FR-080	012	EDIT-FR-080-every-overlay	all seven private overlay variants with monochrome public-pane rendering	ordered owned hints equal literal inline text and modified/function/noop modal input retains buffer	crates/oom-edit/src/app/metadata_tests.rs::every_overlay_exports_exact_hints_and_owns_modified_and_noop_input	make test-pane-bindings	covered
FR-085	012	EDIT-FR-085-named-status	named Unicode file unnamed tab prompts spell-off new named file and hidden disk conflict	exact path dirty spell one-based ruler prompt and persistent disk marker follow active editor line	crates/oom-edit/tests/bindings_public.rs::status_tracks_named_paths_active_tabs_prompts_spell_and_disk_markers	make test-pane-bindings	covered
FR-083	012	EDIT-FR-083-lifecycle-ownership	prepared close versus external-change token in Insert	frozen input is consumed without editing while external-change token permits unchanged text entry	crates/oom-edit/tests/bindings_public.rs::prepared_close_freezes_ownership_but_external_change_keeps_text_entry	make test-pane-bindings	covered
FR-083	012	EDIT-FR-083-focus-and-prefix	unfocused pane same-tab native resume App Space cancellation and empty pane	unfocused and empty keys unclaimed; native state resumes; Space cancels without synthetic Escape	crates/oom-edit/tests/bindings_public.rs::empty_unfocused_and_focus_suspended_grammars_have_exact_ownership	make test-pane-bindings	covered
FR-083	012	EDIT-FR-083-app-precedence	g count operator register pending states then question shortcut or unknown Space continuation	App override retains real precedence and unknown keys/modifiers forward unchanged with explicit reservation negatives	crates/oom-edit/tests/bindings_public.rs::pending_native_grammars_keep_app_shortcut_precedence_and_unknown_keys_unchanged	make test-pane-bindings	covered
FR-054	011	EDIT-FR-054-injected-poll-io	50 backed tabs unnamed buffer and fake clocks	one actual hint call per backed tab per 2s; no hint or content validation while leased; one reconciliation on release	crates/oom-edit/src/app/disk_watch/tests.rs::nfr_003_fifty_tab_metadata_and_content_counters	make test-pane-disk	covered
FR-056	011	EDIT-FR-056-injected-full-matrix	clean dirty modified missing permission-error across 11 input/lifecycle surfaces	66 exact text cursor mode marker byte and ordered event assertions; only safe Normal reloads or prompts	crates/oom-edit/src/app/disk_watch/tests.rs::clean_dirty_observation_and_safe_point_matrix	make test-pane-disk	covered
FR-055	011	EDIT-FR-055-viewport-clamp	long scrolled clean file equal-height rewrite then short file	automatic reload preserves viewport then clamps all source/rendered offsets and exact cursor	crates/oom-edit/src/app/disk_watch/tests.rs::automatic_reload_preserves_then_clamps_viewport_and_source_cursor	make test-pane-disk	covered
FR-116	011	EDIT-FR-116-stale-reload-recreation	shown existing A or missing path followed by new B or C	stale choice never overwrites later bytes or changes text/undo and re-prompts current version	crates/oom-edit/tests/pane_disk.rs::stale_reload_and_recreation_choices_preserve_later_bytes	make test-pane-disk	covered
FR-055	011	EDIT-FR-055-decode-nonfile-fault	invalid UTF8 replacement followed by directory path	failed decode preserves text/undo; non-file produces disk error not missing; no automatic retry loop	crates/oom-edit/tests/pane_disk.rs::failed_decode_and_non_file_observations_retain_the_buffer	make test-pane-disk	covered
FR-055	011	EDIT-FR-055-identical-normalized	clean saved undo history followed by CRLF-only rewrite	reload preserves text source cursor Normal mode and undo; original disk bytes remain unchanged by undo	crates/oom-edit/tests/pane_disk.rs::identical_normalized_reload_preserves_cursor_and_undo	make test-pane-disk	covered
FR-056	011	EDIT-FR-056-unrelated-lifecycle	inactive backed tab and separate dirty-tab close confirmation	reload waits through other lifecycle; cancellation retains both buffers and emits ordered correlated reload outcome	crates/oom-edit/tests/pane_disk.rs::inactive_tabs_and_unrelated_lifecycle_decisions_delay_reloads	make test-pane-disk	covered
FR-019	011	EDIT-FR-019-compact-disk-prompt	20x5 dirty-buffer disk prompt with monochrome Unicode filename	all three choices are visible and keyboard reachable; persistent marker survives cancellation	crates/oom-edit/tests/pane_disk.rs::compact_disk_prompt_has_reachable_choices_and_non_color_markers	make test-pane-disk	covered
FR-100	011	EDIT-FR-100-reload-idle-restart	quiescent spell work followed by clean external replacement	automatic reload requests bounded idle work again without user input	crates/oom-edit/tests/pane_disk.rs::automatic_reload_restarts_quiescent_idle_work	make test-pane-disk	covered
FR-110	010	EDIT-FR-110-production-route	startup and event-loop architecture guard	production constructs and drives the public pane without private App input or render dispatch	crates/oom-edit/tests/dependency_hygiene.rs::standalone_startup_and_loop_use_only_the_public_pane	make test-standalone-host	covered
FR-110	010	EDIT-FR-110-event-exit-policy	q bang qa bang and dirty qa	closed last tab and explicit quit events request host exit while dirty refusal retains text	crates/oom-edit/src/standalone.rs::tests::fr_110_standalone_exit_is_an_event_policy_not_pane_lifetime	make test-standalone-host	covered
FR-110	010	EDIT-FR-110-public-spell-mouse	real dictionary diagnostic suggestion undo Trouble and pointer input	standalone and embedded public hosts produce equal text cursor mode events and exact frames	crates/oom-edit/tests/standalone_parity.rs::public_hosts_match_spell_idle_suggestions_trouble_and_mouse	make test-standalone-host	covered
FR-018	010	EDIT-FR-018-immutable-frame-cache	retained Unicode frame edit focus resize and repeated render	unchanged owned snapshots share cells and later changes never mutate prior frames	crates/oom-edit/tests/pane_public.rs::owned_frames_share_unchanged_cells_without_mutating_prior_snapshots	make test-pane-public	covered
FR-018	010	EDIT-FR-018-cache-transition-inputs	which-key equality boundary tab focus open and close	cached presentation invalidates for visible time and lifecycle changes with exact restored frames	crates/oom-edit/tests/pane_public.rs::cached_presentation_tracks_time_tab_focus_and_lifecycle_changes	make test-pane-public	covered
FR-002	008	EDIT-FR-002-no-global-effects	before/after env terminal hook probe	construction leaves environment and terminal hooks untouched	crates/oom-edit/tests/pane_public.rs::construction_is_silent_in_a_subprocess_with_conflicting_environment	make test-pane-public	covered
FR-010	007	EDIT-FR-010-wide-cell-continuation	CJK emoji combining at right edge	continuation markers and exact grapheme widths survive conversion without half glyph	crates/oom-edit/src/pane_frame.rs::conversion_preserves_graphemes_continuations_and_clips_half_wide_glyphs	make test	covered
FR-016	007	EDIT-FR-016-compact-confirm-actions	20x5 save discard cancel and overwrite	each choice is selectable and produces its distinct outcome	crates/oom-edit/tests/pane_lifecycle.rs::compact_close_and_overwrite_choices_have_distinct_outcomes	make test-pane-lifecycle	covered
FR-020	008	EDIT-FR-020-pending-noop-consumption	Space prefix g prefix and modal rejected key	owned pending and modal no-ops report Consumed without text mutation	crates/oom-edit/tests/pane_public.rs::owned_noops_include_pending_grammars_and_text_prompts	make test-pane-public	covered
FR-024	008	EDIT-FR-024-different-tab-pending-reset	g pending then focus another tab	core pending grammar is cleared without synthetic Escape or buffer change	crates/oom-edit/tests/pane_public.rs::focus_loss_suspends_pending_g_but_switching_tabs_clears_it	make test-pane-public	covered
FR-031	008	EDIT-FR-031-open-error-policy	missing open_existing and symlink alias	missing existing rejects; canonical alias focuses one tab; denied policy remains Denied	crates/oom-edit/tests/pane_public.rs::open_existing_rejects_missing_even_if_the_tab_was_previously_open	make test-pane-public	covered
FR-040	009	EDIT-FR-040-cancel-third	three dirty tabs save discard cancel	no tab closes; saved first stays clean and other buffers/undo remain	crates/oom-edit/tests/pane_lifecycle.rs::cancel_third_retains_all_tabs_saved_first_and_discarded_second_undo	make test-pane-lifecycle	covered
FR-040	009	EDIT-FR-040-failed-prerequisite-save	dirty target with injected fsync failure	no preparation token or close and all buffers remain	crates/oom-edit/src/app.rs::prepared_close_save_fault_never_prepares_or_closes_a_retained_buffer	make test	covered
FR-040	009	EDIT-FR-040-unnamed-save-path	dirty unnamed tab save path or cancel	no invented path; request remains pending or cancels without close	crates/oom-edit/tests/pane_lifecycle.rs::unnamed_close_requires_explicit_host_path_and_cancel_invents_nothing	make test-pane-lifecycle	covered
FR-042	009	EDIT-FR-042-ordered-close-events	open focus save close all exact trace	Opened precedes Active; Saved precedes Closed; per-tab Closed precedes AllClosed	crates/oom-edit/tests/pane_lifecycle.rs::close_all_publishes_captured_order_then_all_closed_and_one_terminal	make test-pane-lifecycle	covered
FR-043	009	EDIT-FR-043-post-rename-fsync-failure	atomic save fault after replacement	DiskWriteCommitted with error emits once; dirty retained; no Saved or Closed	crates/oom-edit/src/app.rs::save_and_copy_faults_never_publish_saved_or_close_a_retained_buffer	make test	covered
FR-050	002	EDIT-FR-050-equal-metadata-content	replace same-size file and restore mtime	validated DiskVersion detects new bytes though routine metadata may not	crates/oom-edit-core/tests/disk_state.rs::same_metadata_content_replacement_is_detected_by_validated_state	make test	covered
FR-051	002	EDIT-FR-051-identical-normalized-reload	CRLF reserialization with same LF live text	undo mode cursor preserved and serialization baseline updated	crates/oom-edit-core/tests/disk_state.rs::identical_reload_preserves_insert_mode_undo_and_cursor	make test	covered
FR-051	002	EDIT-FR-051-failed-candidate-atomicity	invalid UTF8 and injected read fault	text cursor undo dirty metadata remain byte-identical	crates/oom-edit-core/tests/disk_state.rs::stale_or_invalid_reload_leaves_editor_untouched	make test	covered
FR-053	002	EDIT-FR-053-stale-recreation	Missing acknowledged then new bytes appear	save refuses overwrite of new file until fresh decision	crates/oom-edit-core/tests/disk_state.rs::missing_backed_file_requires_version_bound_recreation	make test	covered
FR-054	011	EDIT-FR-054-notification-content-validation	same-size same-mtime write and path notice	content fingerprint changes and matching tab becomes pending	crates/oom-edit/tests/pane_disk.rs::fr_054_notification_content_validation	make test-pane-disk	covered
FR-055	011	EDIT-FR-055-missing-retention	external unlink while dirty and clean	both tabs retain text cursor undo; marker appears; save requires recreate	crates/oom-edit/tests/pane_disk.rs::fr_055_missing_retention	make test-pane-disk	covered
FR-055	011	EDIT-FR-055-keep-mine-revalidation	display version A then disk version B	old keep-mine cannot authorize B and prompt recurs	crates/oom-edit/tests/pane_disk.rs::fr_055_keep_mine_revalidation	make test-pane-disk	covered
FR-056	011	EDIT-FR-056-background-no-attention	hidden tab modified during Insert	only marker and one DiskChangePending appear; no AttentionRequired	crates/oom-edit/tests/pane_disk.rs::fr_056_background_no_attention	make test-pane-disk	covered
FR-057	009	EDIT-FR-057-retarget-all-or-none	two mappings with second invalid destination	abort retains both old identities and source buffers	crates/oom-edit/tests/pane_lifecycle.rs::failed_last_retarget_validation_changes_no_bindings	make test-pane-lifecycle	covered
FR-060	004	EDIT-FR-060-host-subtable-roundtrip	nested editor_pane with every schema key	deserialize exact authored bool enum string width presence and dictionary path; serialize preserves config and defaults	crates/oom-edit/tests/config_public.rs::public_config_roundtrips_as_a_host_subtable_with_all_fields	make test-config-public	covered
FR-062	004	EDIT-FR-062-validation-fallback-matrix	zero width unknown language invalid mode unreadable dictionary	four typed warnings yield exact fallback or disabled spell state	crates/oom-edit/tests/config_public.rs::public_validation_reports_exact_fallbacks_and_resolves_from_base	make test	covered
FR-065	004	EDIT-FR-065-concurrent-config-replace	config altered after sink read	expected-version mismatch leaves newer bytes intact and reports failure	crates/oom-edit/src/config.rs::theme_sink_rejects_an_intervening_write_without_touching_its_bytes	make test	covered
FR-065	004	EDIT-FR-065-malformed-config-preserved	malformed TOML and wrong schema type passed to real file sink	sink returns typed Malformed and preserves exact bytes; UI visibility is separately tested	crates/oom-edit/tests/config_public.rs::file_theme_sink_preserves_unrelated_semantics_and_refuses_malformed_source	make test-config-public	covered
FR-075	005	EDIT-FR-075-restart-fields	wrap_width spell language extra dictionaries changed	apply_config reports all three new-pane requirements without live mutation	crates/oom-edit/tests/pane_public.rs::live_theme_and_config_apply_through_public_facade_without_persistence	make test-pane-theme-config	covered
FR-083	012	EDIT-FR-083-modified-key-contexts	Alt Ctrl-g F1 across modes prompts overlays counts operators	ownership classification agrees with actual dispatcher in each state	crates/oom-edit/tests/bindings_public.rs::fr_083_modified_key_contexts	make test-pane-bindings	covered
FR-090	006	EDIT-FR-090-partial-setup-rollback	failure after raw alt mouse paste acquisitions	each acquired terminal feature restored once and guard slot released	crates/oom-edit/src/terminal_guard.rs::setup_failure_rolls_back_every_published_feature	make test	covered
FR-091	006	EDIT-FR-091-enhancement-pop-once	enhancement supported and unsupported paths	only acquired enhancement produces one pop on drop panic or signal	crates/oom-edit/tests/terminal_guard.rs::fr_091_enhancement_pop_once_only_after_supported_push	make terminal-guard-pty-test	covered
FR-094	006	EDIT-FR-094-legacy-enhanced-equivalence	Esc/Ctrl-[ Tab/Ctrl-i Enter/Ctrl-m Backspace/Ctrl-h vectors	standalone and example map same logical input with both flag states	crates/oom-edit/tests/embedding_example.rs::fr_094_example_shared_translation_vectors	make test-embedding-example	covered
FR-101	009	EDIT-FR-101-force-does-not-bypass-policy	outside symlink and bang save/reload/copy	all denied and outside sentinel bytes remain unchanged	crates/oom-edit/tests/pane_lifecycle.rs::every_command_path_rejects_outside_symlinks_and_bang_targets	make test-pane-lifecycle	covered
FR-110	010	EDIT-FR-110-baseline-trace-replay	four modes tabs prompts front matter search paste clipboard corpus	standalone public host matches baseline text cursor mode undo frame and event trace	crates/oom-edit/tests/standalone_parity.rs::fr_110_baseline_trace_replay	make test-standalone-host	covered
FR-112	013	EDIT-FR-112-patch-provenance-negative	actual resolved graph removes or mismatches each source	provenance assertion rejects missing registry null and wrong-revision sources for all five packages	scripts/downstream.py::negative_check	make downstream-negative-check	covered
FR-113	009	EDIT-FR-113-lease-allows-edit-blocks-io	open lease then type save open poll	typing changes buffer; file operations Busy and no metadata probes	crates/oom-edit/tests/pane_lifecycle.rs::external_lease_allows_edits_blocks_io_and_abort_restores_requests	make test-pane-lifecycle	covered
FR-114	009	EDIT-FR-114-dropped-token-cancel	prepared close token dropped	targets remain open and editable after cancellation; one terminal Cancelled	crates/oom-edit/tests/pane_lifecycle.rs::dropped_prepared_close_cancels_once_and_restores_editability	make test-pane-lifecycle	covered
FR-116	011	EDIT-FR-116-version-a-to-b	prompt for A then replace with B before accept	stale acknowledgement cannot clear or overwrite B	crates/oom-edit/tests/pane_disk.rs::stale_reload_and_recreation_choices_preserve_later_bytes	make test-pane-disk	covered
FR-001	008	EDIT-FR-001-crate-root-facade	external compile and compile-fail	only curated pane/config/theme/guard/owned DTOs export; modules stay private	crates/oom-edit/tests/public_api.rs::oom_edit_facade_exports_only_the_curated_host_api	make test	covered
FR-002	008	EDIT-FR-002-explicit-construction	zero-tab host with injected services and environment sentinels	constructor uses supplied config/theme/time/paths only and performs no argv/config/env/terminal/global setup	crates/oom-edit/tests/pane_public.rs::construction_is_silent_in_a_subprocess_with_conflicting_environment	make test-pane-public	covered
FR-003	008	EDIT-FR-003-initial-paths	empty and three-path fixture including unreadable file	zero tabs succeeds and each initial path has an individual success or typed error	crates/oom-edit/tests/pane_public.rs::initial_paths_report_each_success_and_failure_without_discarding_open_tabs	make test-pane-public	covered
FR-004	008	EDIT-FR-004-typed-feedback	invalid UTF8 initial path between two readable files	owned NotUtf8 error retains exact path and nonempty detail; later successful tabs and buffers remain	crates/oom-edit/tests/pane_public.rs::initial_paths_report_each_success_and_failure_without_discarding_open_tabs	make test-pane-public	covered
FR-005	007	EDIT-FR-005-owned-boundary	crate-root compile and privacy compile-fail	no ratatui crossterm or hjkl type occurs in public signatures	crates/oom-edit/tests/public_api.rs::oom_edit_facade_exports_only_the_curated_host_api	make test	covered
FR-006	008	EDIT-FR-006-drop-recreate	two sequential pane generations	drop releases resources and stale first-generation TabId cannot address second pane	crates/oom-edit/tests/pane_public.rs::zero_tab_host_renders_and_old_tab_ids_never_address_a_recreated_pane	make test-pane-public	covered
FR-010	007	EDIT-FR-010-owned-grid	200x60 Unicode/color frame plus seven compact sizes	exact owned cell/style/cursor golden remains unchanged at every size	crates/oom-edit/src/snapshot_tests.rs::golden_owned_pane_sizes	make test	covered
FR-011	007	EDIT-FR-011-relative-layout	public pane zero compact and wide sizes with all seven overlay variants	cell count equals requested bounds and cursor never escapes; host-origin translation is separately tested	crates/oom-edit/src/app/metadata_tests.rs::every_overlay_exports_exact_hints_and_owns_modified_and_noop_input	make test-pane-bindings	covered
FR-012	007	EDIT-FR-012-editor-line	embedded and standalone mode/prompt fixtures	bottom row keeps mode/file/dirty/spell/ruler/message/prompt; only standalone draws inline hints	crates/oom-edit/src/app.rs::owned_cursor_shapes_and_editor_line_follow_mode_and_presentation_options	make test	covered
FR-013	007	EDIT-FR-013-tab-rule	zero one two then one tab with always_tab_bar false and true	body cursor row follows exact bar rule and stable tab ID survives other tab closure	crates/oom-edit/tests/pane_public.rs::public_tab_bar_empty_state_cursor_and_compact_layout_matrix	make test-pane-public	covered
FR-014	007	EDIT-FR-014-unfocused-cursor	all four modes at seven sizes with focus loss	every unfocused frame has no cursor; focused shape is valid or absent only at tiny sizes	crates/oom-edit/tests/pane_public.rs::public_tab_bar_empty_state_cursor_and_compact_layout_matrix	make test-pane-public	covered
FR-015	007	EDIT-FR-015-cursor-shape	four modes and cursor_shapes false	Normal block Insert/Command bar Select underscore; disabled yields block; pane writes no escapes	crates/oom-edit/src/app.rs::owned_cursor_shapes_and_editor_line_follow_mode_and_presentation_options	make test	covered
FR-016	007	EDIT-FR-016-compact-layout	0x0 0x5 20x0 19x4 20x5 80x24 200x60 in all four modes	exact cell count valid cursor bounds and repeat-render unchanged; each confirmation choice is separately tested	crates/oom-edit/tests/pane_public.rs::public_tab_bar_empty_state_cursor_and_compact_layout_matrix	make test-pane-public	covered
FR-017	007	EDIT-FR-017-changed-signal	unchanged tick then input and prompt expiry	unchanged state skips redraw; visible mutations and timed expiry request redraw	crates/oom-edit/tests/pane_public.rs::cached_presentation_tracks_time_tab_focus_and_lifecycle_changes	make test-pane-public	covered
FR-018	007	EDIT-FR-018-deterministic-frame	same state size focus timestamp repeated	owned cell and cursor output is byte-identical on repeat	crates/oom-edit/src/app.rs::owned_frames_are_bounded_deterministic_and_report_visible_changes	make test	covered
FR-019	007	EDIT-FR-019-empty-state	zero-tab host with two supplied lines for both tab-bar options	both plain lines appear in body without status file or cursor; closing last tab restores them	crates/oom-edit/tests/pane_public.rs::public_tab_bar_empty_state_cursor_and_compact_layout_matrix	make test-pane-public	covered
FR-020	008	EDIT-FR-020-grammar-consumption	all modes pending modal no-op and Insert text	Consumed follows grammar ownership even without visual change; unowned input returns NotConsumed	crates/oom-edit/tests/pane_public.rs::owned_noops_include_pending_grammars_and_text_prompts	make test-pane-public	covered
FR-021	008	EDIT-FR-021-press-only	press repeat release vectors	API documents presses and standalone dispatches presses only	crates/oom-edit/src/standalone.rs::terminal_kind_filter_does_not_replay_edits	make test-standalone-host	covered
FR-022	008	EDIT-FR-022-owned-paste	multiline bracketed paste in Insert	one insertion and undo unit matches baseline source bytes	crates/oom-edit/tests/pane_public.rs::paste_is_one_undo_operation_and_modes_emit_once	make test-pane-public	covered
FR-023	008	EDIT-FR-023-owned-mouse	press drag release scroll plus overlay	pane-local coordinates match baseline and modal overlay ignores document gestures	crates/oom-edit/src/app.rs::pointer_does_not_mutate_document_while_prompt_owns_input	make test	covered
FR-024	008	EDIT-FR-024-focus-transitions	Space drag core-pending same/different tab	loss cancels App chord/drag and cursor; same-tab core pending resumes; tab switch clears it	crates/oom-edit/tests/pane_public.rs::focus_loss_preserves_modal_state_and_cancels_space_deadline	make test-pane-public	covered
FR-025	008	EDIT-FR-025-input-context	Insert ex search text overlay decision modal	text-entry and modal-waiting flags match active owner	crates/oom-edit/tests/pane_public.rs::decision_overlay_has_no_text_entry_owner_and_survives_focus_loss	make test-pane-public	covered
FR-026	008	EDIT-FR-026-resize-next-render	wide then narrow rendered document	next render relayouts with no host resize event and preserves canonical cursor	crates/oom-edit/tests/pane_public.rs::resize_relayouts_on_next_render_without_changing_source_cursor	make test-pane-public	covered
FR-027	008	EDIT-FR-027-injected-deadlines	fake 4s and exact 5s post-input idle boundary plus pane-local wheel input	idle_due and next deadline match injected time and mouse produces exact source cursor	crates/oom-edit/tests/pane_public.rs::tick_exposes_host_idle_deadline_and_mouse_uses_local_cells	make test-pane-public	covered
FR-028	008	EDIT-FR-028-bounded-idle	injected elapsed time reaches exactly 8ms with no intervening timer deadline	one bounded work unit and one pending-input probe occur before elapsed-budget stop	crates/oom-edit/src/event.rs::sampled_elapsed_time_stops_idle_work_at_the_eight_millisecond_boundary	make test-standalone-host	covered
FR-030	008	EDIT-FR-030-stable-tab-id	close then recreate pane and use first-generation ID	stale generation returns UnknownTab and never addresses newly created buffer	crates/oom-edit/tests/pane_public.rs::zero_tab_host_renders_and_old_tab_ids_never_address_a_recreated_pane	make test-pane-public	covered
FR-031	008	EDIT-FR-031-canonical-open	dirty open file then canonical symlink alias	alias focuses same stable ID without duplicate tab or losing dirty text	crates/oom-edit/tests/pane_public.rs::canonical_symlink_alias_focuses_the_same_tab_and_preserves_dirty_text	make test-pane-public	covered
FR-032	008	EDIT-FR-032-tab-snapshot	three named/unnamed dirty/new/changed tabs	tab order paths titles flags active state and MRU ranks are exact	crates/oom-edit/tests/pane_public.rs::unnamed_tab_metadata_and_open_events_preserve_optional_paths	make test-pane-public	covered
FR-033	008	EDIT-FR-033-idempotent-focus	two open files canonical reopen and repeated active focus	Opened precedes Active; MRU updates only on changed focus; idempotent focus emits no event	crates/oom-edit/tests/pane_public.rs::open_focus_and_mru_events_are_ordered_and_idempotent	make test-pane-public	covered
FR-034	009	EDIT-FR-034-captured-close	dirty confirmation and last-tab close	save/discard/cancel correlates result; embedded last close leaves empty pane	crates/oom-edit/tests/pane_lifecycle.rs::embedded_last_tab_close_leaves_an_empty_reusable_pane	make test-pane-lifecycle	covered
FR-035	010	EDIT-FR-035-quit-compatibility	dirty qa qa! q wqa and duplicate tabnew	dirty qa refuses; qa! requests host quit; wqa absent; standalone behavior retained	crates/oom-edit/src/app.rs::quit_all_dirty_refuses_and_force_discards_all	make test	covered
FR-036	008	EDIT-FR-036-open-position	source line after-frontmatter Insert and existing focus	new tab gets requested clamped cursor/mode; existing focus retains state	crates/oom-edit/tests/pane_public.rs::open_cursor_options_only_apply_to_new_tabs	make test-pane-public	covered
FR-040	009	EDIT-FR-040-three-tab-close	save first discard second cancel third then commit variant	cancel closes none with first saved; commit closes captured IDs in tab order; Busy/frozen target enforced	crates/oom-edit/tests/pane_lifecycle.rs::prepared_close_freezes_targets_and_commits_closed_events_in_tab_order	make test-pane-lifecycle	covered
FR-041	009	EDIT-FR-041-attention-origin	host close prompt versus disk prompt	only host-requested confirmation emits AttentionRequired with target	crates/oom-edit/tests/pane_lifecycle.rs::cancel_third_retains_all_tabs_saved_first_and_discarded_second_undo	make test-pane-lifecycle	covered
FR-042	009	EDIT-FR-042-event-order	open focus save close all retarget reload failure	request IDs/TabIds/optional paths and one terminal outcome obey specified event order	crates/oom-edit/tests/pane_lifecycle.rs::close_all_publishes_captured_order_then_all_closed_and_one_terminal	make test-pane-lifecycle	covered
FR-043	009	EDIT-FR-043-durability-outcome	pre-replace and post-replace fsync faults	Saved emitted only once after durability; committed-uncertain retains dirty and emits no Saved/Closed	crates/oom-edit/src/app.rs::save_and_copy_faults_never_publish_saved_or_close_a_retained_buffer	make test	covered
FR-050	002	EDIT-FR-050-disk-categories	unbacked new unchanged modified missing permission fixture	six typed states distinguish metadata hint from content-validated DiskVersion	crates/oom-edit-core/tests/disk_state.rs::disk_state_distinguishes_unbacked_new_existing_modified_missing_and_io_error	make test	covered
FR-051	002	EDIT-FR-051-atomic-reload	changed identical malformed and read-fault candidates	changed reload clamps cursor and resets undo; identical preserves mode/undo; failures leave live state	crates/oom-edit-core/tests/disk_state.rs::changed_reload_resets_undo_and_clamps_source_cursor	make test	covered
FR-052	002	EDIT-FR-052-guarded-retarget	moved identity and conflicting destination	identity changes without text/undo/cursor writes only after validation; conflict remains unresolved	crates/oom-edit-core/tests/disk_state.rs::guarded_retarget_follows_a_move_without_writing_or_losing_undo	make test	covered
FR-053	002	EDIT-FR-053-missing-save	formerly backed vanished then replaced path	save needs version-bound recreation; replacement invalidates it; bang cannot bypass host policy	crates/oom-edit-core/tests/disk_state.rs::missing_backed_file_requires_version_bound_recreation	make test	covered
FR-054	011	EDIT-FR-054-poll-and-notify	50 tabs fake clock and equal-metadata rewrite	one metadata probe per tab per 2s; notification hashes matching bytes; token suspends polling	crates/oom-edit/tests/pane_disk.rs::fr_054_poll_and_notify	make test-pane-disk	covered
FR-055	011	EDIT-FR-055-dirty-clean-disk	clean modified dirty modified missing and later rewrite	safe clean reload; dirty version-bound choice; missing retains text/undo/marker and never auto-closes	crates/oom-edit/tests/pane_disk.rs::fr_055_dirty_clean_disk	make test-pane-disk	covered
FR-056	011	EDIT-FR-056-safe-point	focused Normal versus Insert search pending modal hidden	only safe focused Normal applies prompt/reload; one DiskChangePending per version and no AttentionRequired	crates/oom-edit/tests/pane_disk.rs::fr_056_safe_point	make test-pane-disk	covered
FR-057	009	EDIT-FR-057-batch-retarget	two captured tabs success failure and tick race	prepare validates all; commit updates all identities; abort preserves all; token blocks polling	crates/oom-edit/tests/pane_lifecycle.rs::batch_retarget_preserves_ids_dirty_cursor_and_undo	make test-pane-lifecycle	covered
FR-060	004	EDIT-FR-060-schema-roundtrip	all config keys/defaults in nested editor_pane table	owned serde config retains every named value and current defaults	crates/oom-edit/tests/config_public.rs::public_config_roundtrips_as_a_host_subtable_with_all_fields	make test-config-public	covered
FR-061	004	EDIT-FR-061-theme-presence	host-built slot and equivalent parsed TOML	explicit slot presence resolves identically and absent slot uses fallback	crates/oom-edit/tests/config_public.rs::host_built_theme_slots_have_the_same_presence_as_written_slots	make test	covered
FR-062	004	EDIT-FR-062-typed-validation	zero wrap unknown spell invalid mode unreadable dictionary	each warning and effective fallback matches standalone	crates/oom-edit/tests/config_public.rs::public_validation_reports_exact_fallbacks_and_resolves_from_base	make test	covered
FR-063	004	EDIT-FR-063-separate-roots	separate config working and personal paths plus relative extra dictionary	extra and personal words are loaded; Space a persists only supplied personal path and retains document bytes	crates/oom-edit/tests/pane_public.rs::host_dictionary_roots_load_and_persist_only_the_supplied_personal_path	make test-pane-public	covered
FR-064	004	EDIT-FR-064-persistence-sinks	recording failing theme sink and actual Space t command	theme sink receives exactly one active-slot value; visible warning remains in editor line	crates/oom-edit/src/app.rs::theme_cycle_calls_sink_once_and_shows_persistence_failure_in_editor	make test	covered
FR-065	004	EDIT-FR-065-semantic-toml-update	unknown nested malformed concurrent config fixtures	only active theme value changes; unrelated values survive; invalid/concurrent bytes unchanged	crates/oom-edit/tests/config_public.rs::file_theme_sink_preserves_unrelated_semantics_and_refuses_malformed_source	make test	covered
FR-066	004	EDIT-FR-066-exclusion	DRD v1.1 section 4.3	Nice comment/format preservation is explicitly deferred by DRD; semantic TOML preservation remains required	DRD-4.3	make test	excluded
FR-067	004	EDIT-FR-067-standalone-config-parity	authored public config nondefault wrap width line numbers clipboard and spell fields	startup option values exactly match the public configuration	crates/oom-edit/src/app.rs::standalone_startup_options_use_the_public_config_fields	make test	covered
FR-070	005	EDIT-FR-070-catalog-order	all built-ins and user themes including invalid files	public load/order/warnings/resolve/cycle match baseline	crates/oom-edit/tests/theme_public.rs::public_catalog_preserves_builtin_order_and_reports_user_theme_failures	make test	covered
FR-071	005	EDIT-FR-071-explicit-theme-input	env ladder table and explicit host inputs	helper reproduces five environment variables; pane selection ignores process environment	crates/oom-edit/tests/theme_public.rs::explicit_theme_inputs_and_environment_helper_keep_standalone_precedence	make test	covered
FR-072	005	EDIT-FR-072-owned-style-coverage	all semantic/UI slots times themes and tiers	every slot returns owned style with exact colors/modifiers	crates/oom-edit/tests/theme_public.rs::every_public_host_role_is_available_at_each_builtin_tier	make test	covered
FR-073	005	EDIT-FR-073-monochrome-styles	NO_COLOR and accessible theme	owned styles have no colors and keep modifier/glyph signals	crates/oom-edit/tests/theme_public.rs::owned_styles_keep_rgb_indexed_default_and_non_color_signals	make test	covered
FR-074	005	EDIT-FR-074-set-theme-no-persist	live pane with recording sink	next frame restyles and ThemeChanged emits; sink receives no call	crates/oom-edit/tests/pane_public.rs::live_theme_and_config_apply_through_public_facade_without_persistence	make test-pane-theme-config	covered
FR-075	005	EDIT-FR-075-apply-config	runtime-safe and restart-required changed fields	listed safe fields change now; wrap_width/language/dictionaries reported new-pane only	crates/oom-edit/tests/pane_public.rs::live_theme_and_config_apply_through_public_facade_without_persistence	make test-pane-theme-config	covered
FR-080	012	EDIT-FR-080-hint-parity	four modes and each overlay context	exported text compact text disabled/order match standalone hint zone	crates/oom-edit/tests/bindings_public.rs::fr_080_hint_parity	make test-pane-bindings	covered
FR-081	012	EDIT-FR-081-which-key-delay	Space at 149ms 150ms and focus loss	focused pending data appears at 150ms in registry order; otherwise none	crates/oom-edit/tests/bindings_public.rs::fr_081_which_key_delay	make test-pane-bindings	covered
FR-082	012	EDIT-FR-082-binding-roles	App/core/reference rows and duplicate references	IDs modes sequences roles are exact; metadata rows never become executable	crates/oom-edit/tests/bindings_public.rs::fr_082_binding_roles	make test-pane-bindings	covered
FR-083	012	EDIT-FR-083-reserved-key-dispatch	Alt Ctrl-g function pending and modal matrix	ownership export agrees with real dispatch and intentional host reservations	crates/oom-edit/tests/bindings_public.rs::fr_083_reserved_key_dispatch	make test-pane-bindings	covered
FR-084	012	EDIT-FR-084-palette-which-key-parity	baseline golden fixtures	standalone palette execution set and which-key content/order stay unchanged	crates/oom-edit/tests/bindings_public.rs::fr_084_palette_which_key_parity	make test-pane-bindings	covered
FR-085	012	EDIT-FR-085-status-data	active named/dirty/spell/ruler fixture	exported mode/path/dirty/spell/ruler equals editor line	crates/oom-edit/tests/bindings_public.rs::fr_085_status_data	make test-pane-bindings	covered
FR-090	006	EDIT-FR-090-exclusive-guard	second guard sequential reuse partial failure panic signal	second typed Busy; acquired state restored once and old hook cannot write	crates/oom-edit/tests/terminal_guard.rs::fr_090_exclusive_guard_and_sequential_reuse_restore_termios	make terminal-guard-pty-test	covered
FR-091	006	EDIT-FR-091-guard-options	mouse paste enhancement combinations	enable/restore bytes match actual acquisitions; standalone enhancement default off	crates/oom-edit/tests/terminal_guard.rs::fr_091_guard_options_keep_standalone_keyboard_enhancement_off	make terminal-guard-pty-test	covered
FR-092	006	EDIT-FR-092-runtime-mouse	active guard toggle on off	capture escapes and internal state change exactly once per transition	crates/oom-edit/tests/terminal_guard.rs::fr_092_runtime_mouse_and_minimal_options_emit_exact_captures	make terminal-guard-pty-test	covered
FR-093	006	EDIT-FR-093-unsafe-scope	source dependency guard	single audited signal module remains only unsafe scope	crates/oom-edit/tests/terminal_guard.rs::fr_093_unsafe_scope_is_confined_to_the_existing_signal_module	make terminal-guard-pty-test	covered
FR-094	006	EDIT-FR-094-translation-vectors	legacy/enhanced Esc Ctrl variants Shift repeat release	standalone/example vectors produce same KeyInput/behavior with enhancement on/off	crates/oom-edit/tests/embedding_example.rs::fr_094_example_shared_translation_vectors	make test-embedding-example	covered
FR-100	008	EDIT-FR-100-clipboard-injection	injected recording sink with Markdown and plain-text selection formats	clipboard dispatch calls only supplied sink once with exact selected payload	crates/oom-edit/src/app.rs::clipboard_copy_format_selects_exact_markdown_or_plain_text_once	make test	covered
FR-101	009	EDIT-FR-101-path-policy-matrix	outside sentinel symlinks bang and every I/O entry	all operations validate typed paths at boundary; denied sentinel stays byte-identical	crates/oom-edit/tests/pane_lifecycle.rs::every_command_path_rejects_outside_symlinks_and_bang_targets	make test-pane-lifecycle	covered
FR-102	005	EDIT-FR-102-notices-bytes	CLI licenses output fixture	public notices bytes exactly equal --licenses and include data/theme permissions	crates/oom-edit/tests/theme_public.rs::public_notices_are_byte_identical_to_cli_output	make test	covered
FR-110	010	EDIT-FR-110-standalone-public-host	baseline mode/overlay/input/frame traces	public host matches legacy frames including inline hints and tab rule	crates/oom-edit/src/standalone.rs::tests::fr_110_baseline_trace_replay	make test-standalone-host	covered
FR-111	013	EDIT-FR-111-split-host-example	scripted split frame and host key	example intercepts global key, renders exported hints, close_all and drains ordered events	crates/oom-edit/tests/embedding_example.rs::fr_111_split_host_example	make test-embedding-example	covered
FR-112	013	EDIT-FR-112-independent-consumer	own lock/vendor clean Cargo home and four patches	offline locked candidate builds/drives pane and asserts exact correlated close-all events	fixtures/downstream/src/lib.rs::tests::fr_112_independent_consumer	make downstream-candidate-check	covered
FR-113	009	EDIT-FR-113-mutation-lease	barrier-controlled edit/save/open/poll during host move	lease allows ordinary edit, visibly rejects I/O/poll and has no mutable bypass	crates/oom-edit/tests/pane_lifecycle.rs::external_lease_allows_edits_blocks_io_and_abort_restores_requests	make test-pane-lifecycle	covered
FR-114	009	EDIT-FR-114-prepared-token	commit abort drop stale Busy fault matrix	single-use captured targets and typed failures preserve buffers	crates/oom-edit/tests/pane_lifecycle.rs::foreign_and_dropped_tokens_never_complete_another_panes_transaction	make test-pane-lifecycle	covered
FR-115	003	EDIT-FR-115-light-analysis	borrowed front-matter body and implementation dependency guard	body borrows source bytes and analysis constructs no editing engine highlighter or spell state	crates/oom-edit-core/tests/analysis.rs::analysis_has_borrowed_body_and_no_editing_engine_path	make test	covered
FR-116	011	EDIT-FR-116-version-stale-choice	observed A then replaced B before choice	reload/recreate/acknowledge rejects stale A and retarget never accepts unrelated bytes	crates/oom-edit/tests/pane_disk.rs::stale_reload_and_recreation_choices_preserve_later_bytes	make test-pane-disk	covered
FR-117	013	EDIT-FR-117-two-public-hosts	standalone and embedded scripted parity corpus	both command policies drive public facade and match text/mode/cursor/undo/ordered event kinds/frames	crates/oom-edit/tests/embedding_example.rs::fr_117_two_public_hosts	make test-embedding-example	covered
FR-111	013	EDIT-FR-111-disk-reload-event	real temporary file changed then host notification	retained host event log contains ReloadedFromDisk and live buffer matches exact new bytes	crates/oom-edit/tests/embedding_example.rs::fr_111_disk_notification_and_global_interception	make test-embedding-example	covered
FR-111	013	EDIT-FR-111-unnamed-host-save	unnamed dirty buffer close-all save/cancel choices	chosen path receives exact UTF-8 bytes; cancellation retains dirty unnamed text and writes nothing	crates/oom-edit/tests/embedding_example.rs::fr_111_unnamed_close_save_path_and_cancel	make test-embedding-example	covered
FR-111	013	EDIT-FR-111-failed-host-save	unnamed save targets existing directory	terminal failure releases host prompt and retained buffer remains editable; no data is written	crates/oom-edit/tests/embedding_example.rs::fr_111_failed_save_path_releases_host_prompt	make test-embedding-example	covered
FR-111	013	EDIT-FR-111-split-origin-focus	wide/combining text split origin and tiny/zero frames	mouse origin removed once; host panel focus suppresses edit/cursor; editor cursor origin added once	crates/oom-edit/tests/embedding_example.rs::fr_111_split_mouse_origin_and_compact_frames	make test-embedding-example	covered
FR-094	013	EDIT-FR-094-example-shared-key-vectors	shared 15-row legacy/enhanced key corpus with enhancement on/off	both flag scenarios preserve alias/modifier normalization and ignore repeat/release	crates/oom-edit/tests/embedding_example.rs::fr_094_example_shared_translation_vectors	make test-embedding-example	covered
FR-112	013	EDIT-FR-112-provenance-tool-oracles	all five sources missing duplicated null registry wrong revision/origin	validator rejects each altered source and requires one immutable canonical revision	scripts/test_downstream.py::DownstreamTests.test_fr_112_patch_provenance_negative	make downstream-tool-test	covered
FR-118	001	EDIT-FR-118-coverage-meta	manifest deletion unknown requirement ignored status and exclusion mutations	validator rejects missing or invented requirements unsupported statuses and non-DRD exclusions	scripts/test_drd_coverage.py::test_missing_unknown_ignored_and_unjustified_exclusions_fail	make drd-coverage-test	covered
NFR-001	014	EDIT-NFR-001-existing-perf	1MiB Markdown release first-frame benchmark	unchanged source and rendered first-frame absolute limits pass; other budgets and same-host comparisons have separate evidence	crates/oom-edit-core/benches/performance.rs::benchmark_open_to_first_frame	make bench	covered
NFR-001	015	EDIT-NFR-001-paste-rope-index	paste after many preceding lines	paste byte offset uses indexed rope line start without materializing all preceding lines	crates/oom-edit-core/tests/dependency_hygiene.rs::paste_byte_offsets_use_the_rope_index	make test-paste-work	covered
NFR-001	015	EDIT-NFR-001-paste-cache-refresh	YAML TOML malformed metadata CRLF Unicode and 10000 preceding lines	paste and cursor bytes remain exact and atomic cache refresh adds no full Vim text materialization	crates/oom-edit-core/src/session/live_document.rs::tests::paste_refresh_borrows_updated_text	make test-paste-work	covered
NFR-002	007	EDIT-NFR-002-frame-overhead	200x60 release benchmark	owned conversion adds at most 1ms per frame	crates/oom-edit/src/perf_tests.rs::pane_frame_conversion_release_limit	make bench-pane-frame	covered
NFR-003	011	EDIT-NFR-003-poll-count	50 backed tabs and fake two-second clock	routine metadata probes at most once per tab per 2s	crates/oom-edit/tests/pane_disk.rs::nfr_003_poll_count	make test-pane-disk	covered
NFR-004	006	EDIT-NFR-004-single-unsafe-block	recursive production-source scan across both editor crates	hjkl imports stay in vim and exact two audited signal unsafe blocks are the only allowed unsafe scope	crates/oom-edit/tests/package_guards.rs::production_sources_confine_hjkl_and_unsafe_to_the_audited_wrappers	make test-package-guards	covered
NFR-005	002	EDIT-NFR-005-dependency-review	Cargo.lock vendor deny audit and docs	no new resolved packages; any sha2 direct promotion has full checklist	crates/oom-edit-core/tests/dependency_hygiene.rs::workspace_is_exactly_three_crates_with_the_spell_dependency_diamond	make test	covered
NFR-006	014	EDIT-NFR-006-red-green-coverage	final covered inventory mutated back to a planned case	final validator rejects any planned case; per-task red/green and unchanged characterizations are recorded in workflow evidence	scripts/test_drd_coverage.py::test_final_gate_rejects_planned_cases	make drd-coverage-test	covered
NFR-007	014	EDIT-NFR-007-public-api-hygiene	doc build compile and compile-fail fixtures	all public items documented and exact facade/privacy guards pass	crates/oom-edit/tests/package_guards.rs::nfr_007_public_documentation_guard	make test-package-guards	covered
NFR-008	008	EDIT-NFR-008-injected-time	injected clock sampled at exact 8ms host idle boundary	host stops after one unit using elapsed time with no fixed-timestamp reuse	crates/oom-edit/src/event.rs::sampled_elapsed_time_stops_idle_work_at_the_eight_millisecond_boundary	make test-standalone-host	covered
NFR-009	007	EDIT-NFR-009-non-color-signals	accessible and monochrome rendered frames	focus/selection/dirty/disk/diagnostic each has glyph or modifier	crates/oom-edit/src/snapshot_tests.rs::accessible_styles_are_color_free_in_all_four_modes	make test	covered
NFR-010	008	EDIT-NFR-010-invalid-host-calls	stale TabId zero size arbitrary call order	no public panic; typed result or event reports invalid use	crates/oom-edit/tests/pane_public.rs::zero_tab_host_renders_and_old_tab_ids_never_address_a_recreated_pane	make test-pane-public	covered
FR-014	014	EDIT-FR-014-unfocused-overlays	all seven overlay variants unfocused at zero compact and wide sizes	cursor is suppressed while exact modal state hints and document bytes survive	crates/oom-edit/src/app/metadata_tests.rs::every_overlay_exports_exact_hints_and_owns_modified_and_noop_input	make test-pane-bindings	covered
FR-034	014	EDIT-FR-034-compact-close-outcomes	20x5 dirty close prompts Save Discard and Cancel	each visible shortcut produces exact disk buffer undo and tab retention outcome	crates/oom-edit/tests/pane_lifecycle.rs::compact_close_and_overwrite_choices_have_distinct_outcomes	make test-pane-lifecycle	covered
FR-063	014	EDIT-FR-063-supplied-theme-root	user theme files under the supplied directory and both theme modes	resolved dark and light themes render cycle and persist without process-config lookup	crates/oom-edit/src/app.rs::file_loaded_dark_and_light_themes_resolve_render_cycle_and_persist	make test	covered
FR-064	014	EDIT-FR-064-dictionary-failure-recovery	personal dictionary path replaced by directory then restored	failed Space a displays warning and adopts no word; retry atomically persists exact sorted words	crates/oom-edit/tests/pane_public.rs::host_dictionary_roots_load_and_persist_only_the_supplied_personal_path	make test-pane-public	covered
FR-100	014	EDIT-FR-100-osc52-writer-bytes	public writer-backed sink copying test	writer receives exact ESC OSC52 base64 and BEL sequence	crates/oom-edit/src/clipboard.rs::osc52_sequence_format	make test	covered
FR-115	014	EDIT-FR-115-metadata-parse-matrix	YAML TOML absent and malformed metadata	front matter equals editor parser and exact body spans survive malformed input	crates/oom-edit-core/tests/analysis.rs::yaml_toml_absent_and_malformed_front_matter_match_the_editor	make test	covered
FR-115	014	EDIT-FR-115-crlf-unicode-spans	CRLF YAML with Café and Über	metadata and borrowed body preserve exact UTF8 byte spans and decoded title	crates/oom-edit-core/tests/analysis.rs::metadata_spans_are_exact_for_crlf_and_unicode	make test	covered
FR-115	014	EDIT-FR-115-first-h1-constructs	ATX Setext fenced nested entity escaped and Unicode headings	only first top-level H1 is decoded with exact original source span	crates/oom-edit-core/tests/analysis.rs::first_top_level_h1_decodes_atx_and_setext_and_skips_fences	make test	covered
FR-115	014	EDIT-FR-115-repeated-heading-spans	repeated Résumé text across prose and two headings	first H1 keeps exact UTF8 source bytes despite repeated content	crates/oom-edit-core/tests/analysis.rs::repeated_unicode_heading_text_keeps_the_first_exact_source_span	make test	covered
FR-118	014	EDIT-FR-118-actual-executability	nonexistent external and disabled Rust cases plus unknown targets	strict validator rejects missing or external source missing functions ignored cases and nonexistent make workflows	scripts/test_drd_coverage.py::test_locations_reject_missing_disabled_cases_and_unknown_targets	make drd-coverage-test	covered
FR-118	014	EDIT-FR-118-stubbed-case-rejection	empty Rust function and skipped or stubbed Python functions	strict validator rejects empty return-only and pass-only cases plus skip decorators	scripts/test_drd_coverage.py::test_stubbed_rust_and_disabled_or_stubbed_python_cases_fail	make drd-coverage-test	covered
FR-118	014	EDIT-FR-118-ignored-case-execution	ignored release case with incomplete target then exact executing target	ignored case is accepted only when one recipe command includes its exact name and both --ignored and --exact	scripts/test_drd_coverage.py::test_ignored_release_case_requires_an_exact_executing_target	make drd-coverage-test	covered
NFR-007	014	EDIT-NFR-007-complete-owned-signatures	all public pane methods and exact complete crate-root reexports	typed method-pointer compilation verifies every operation uses project-owned boundary DTOs	crates/oom-edit/tests/public_api.rs::oom_edit_facade_exports_only_the_curated_host_api	make test	covered
NFR-007	014	EDIT-NFR-007-tested-integration-guide	complete Rust guide snippet compared byte-for-byte with independent consumer fixture	guide has all integration sections and exact exercised source; fixture also executes in package tests	crates/oom-edit/tests/package_guards.rs::developer_guide_uses_the_exercised_public_consumer	make test-package-guards	covered
NFR-008	014	EDIT-NFR-008-native-engine-clock	injected hjkl host duration before and at prefix timeout	native prefix deadlines obey host time without exposing engine types	crates/oom-edit-core/src/vim.rs::injected_host_time_controls_native_prefix_timeout	make test	covered
NFR-008	014	EDIT-NFR-008-focus-pauses-native-time	register prompt unfocused beyond native timeout then resumed	register state suspends its native timeout while unfocused and completes after focus return	crates/oom-edit/tests/pane_public.rs::native_register_prompt_suspends_its_timeout_while_unfocused	make test-pane-public	covered
NFR-009	014	EDIT-NFR-009-diagnostic-glyph	accessible monochrome pane with one spell diagnostic	bold bullet remains visible with no foreground background or underline colors	crates/oom-edit/tests/pane_public.rs::host_dictionary_roots_load_and_persist_only_the_supplied_personal_path	make test-pane-public	covered
NFR-009	014	EDIT-NFR-009-disk-glyph	20x5 disk prompt in monochrome with Unicode filename	persistent disk marker and all reachable choices are text or modifier based	crates/oom-edit/tests/pane_disk.rs::compact_disk_prompt_has_reachable_choices_and_non_color_markers	make test-pane-disk	covered
NFR-009	014	EDIT-NFR-009-dirty-and-status-glyphs	named dirty and unnamed paths spell-off prompt and persistent disk state	owned editor metadata and rendered line retain dirty and disk text indicators	crates/oom-edit/tests/bindings_public.rs::status_tracks_named_paths_active_tabs_prompts_spell_and_disk_markers	make test-pane-bindings	covered
NFR-001	014	EDIT-NFR-001-zero-overhead-oracle	positive equal faster zero missing and 100us-boundary duration pairs	nonpositive added overhead passes only with two nonzero raw timings; exact threshold and lowered-zero rejection remain enforced	crates/oom-edit-core/tests/perf_smoke.rs::perf_assertions::zero_incremental_overhead_requires_two_real_timings_and_keeps_the_exact_limit	make bench-check	covered
FR-005	014	EDIT-FR-005-private-style-conversions	public colors and modifiers with private renderer adaptation	no renderer-specific From trait escapes the owned DTO boundary; actual compile-fail snippets reject foreign arguments	crates/oom-edit/tests/package_guards.rs::owned_style_boundary_has_no_public_renderer_conversion_traits	make test-package-guards	covered
FR-004	014	EDIT-FR-004-silent-host-feedback	constructor subprocess with conflicting environment and custom panic hook	stdout contains only test harness lines and stderr stays empty; constructor neither changes hook nor reads process theme	crates/oom-edit/tests/pane_public.rs::construction_is_silent_in_a_subprocess_with_conflicting_environment	make test-pane-public	covered
FR-027	014	EDIT-FR-027-which-key-deadline	injected Space chord at 149ms and 150ms then unfocus	which-key appears only at exact boundary and cancels on focus loss	crates/oom-edit/tests/bindings_public.rs::fr_081_which_key_delay	make test-pane-bindings	covered
FR-027	014	EDIT-FR-027-message-expiry-deadline	transient before and at injected expiry	tick emits redraw exactly when visible transient expires	crates/oom-edit/src/app.rs::tick_requests_redraw_when_a_transient_expires	make test	covered
FR-030	014	EDIT-FR-030-stable-index-shift	three typed tab snapshots then closing middle file	remaining opaque IDs still address the same unnamed and never-created buffers despite index shift	crates/oom-edit/tests/pane_public.rs::unnamed_tab_metadata_and_open_events_preserve_optional_paths	make test-pane-public	covered
FR-031	014	EDIT-FR-031-never-created-open	unnamed existing and missing named paths in one host	new missing path reports is_new without creating file and open_existing retains backed bytes	crates/oom-edit/tests/pane_public.rs::unnamed_tab_metadata_and_open_events_preserve_optional_paths	make test-pane-public	covered
FR-033	014	EDIT-FR-033-stale-focus-error	opaque ID from dropped pane passed to recreated pane	focus returns typed UnknownTab without changing new pane tab count	crates/oom-edit/tests/pane_public.rs::zero_tab_host_renders_and_old_tab_ids_never_address_a_recreated_pane	make test-pane-public	covered
FR-118	014	EDIT-FR-118-python-assertion-and-skip-alias	single assertEqual case then expectedFailure and imported skip alias	executable single-assertion case is accepted while both disabled decorator forms are rejected	scripts/test_drd_coverage.py::test_python_single_assertion_is_executable_but_skip_aliases_are_not	make drd-coverage-test	covered
